stand,p_throws,zone,pitch_type,total_pitches,total_swings,swing_percentage
L,L,1.0,CH,156,72,0.46153846153846156
L,L,1.0,CU,679,276,0.406480117820324
L,L,1.0,EP,2,1,0.5
L,L,1.0,FA,10,7,0.7
L,L,1.0,FC,1174,686,0.5843270868824532
L,L,1.0,FF,8801,5248,0.5962958754686968
L,L,1.0,FS,7,6,0.8571428571428571
L,L,1.0,KC,120,49,0.4083333333333333
L,L,1.0,SI,2173,841,0.38702254947077774
L,L,1.0,SL,2119,1070,0.5049551675318547
L,L,1.0,ST,422,259,0.6137440758293838
L,L,1.0,SV,62,30,0.4838709677419355
L,L,2.0,CH,332,241,0.7259036144578314
L,L,2.0,CS,1,1,1.0
L,L,2.0,CU,1034,495,0.4787234042553192
L,L,2.0,EP,1,1,1.0
L,L,2.0,FA,6,5,0.8333333333333334
L,L,2.0,FC,1270,836,0.658267716535433
L,L,2.0,FF,10809,8497,0.7861041724488852
L,L,2.0,FS,15,8,0.5333333333333333
L,L,2.0,KC,232,101,0.4353448275862069
L,L,2.0,KN,2,2,1.0
L,L,2.0,SC,2,2,1.0
L,L,2.0,SI,3835,2466,0.6430247718383312
L,L,2.0,SL,2744,1576,0.5743440233236151
L,L,2.0,ST,545,319,0.5853211009174312
L,L,2.0,SV,62,28,0.45161290322580644
L,L,3.0,CH,451,328,0.7272727272727273
L,L,3.0,CU,847,283,0.33412042502951594
L,L,3.0,EP,2,2,1.0
L,L,3.0,FA,12,9,0.75
L,L,3.0,FC,664,363,0.5466867469879518
L,L,3.0,FF,7166,5512,0.7691878314261792
L,L,3.0,FS,11,9,0.8181818181818182
L,L,3.0,KC,193,78,0.40414507772020725
L,L,3.0,KN,1,1,1.0
L,L,3.0,SI,4298,3228,0.7510469986040018
L,L,3.0,SL,1965,903,0.4595419847328244
L,L,3.0,ST,408,170,0.4166666666666667
L,L,3.0,SV,53,19,0.3584905660377358
L,L,4.0,CH,508,341,0.6712598425196851
L,L,4.0,CU,1758,1121,0.6376564277588168
L,L,4.0,EP,2,1,0.5
L,L,4.0,FA,8,6,0.75
L,L,4.0,FC,2657,2054,0.7730523146405721
L,L,4.0,FF,12685,7192,0.5669688608592827
L,L,4.0,FS,26,19,0.7307692307692307
L,L,4.0,KC,319,194,0.6081504702194357
L,L,4.0,KN,6,4,0.6666666666666666
L,L,4.0,SC,1,0,0.0
L,L,4.0,SI,5095,2143,0.42060843964671246
L,L,4.0,SL,5942,4313,0.7258498821945473
L,L,4.0,ST,1245,906,0.727710843373494
L,L,4.0,SV,171,120,0.7017543859649122
L,L,5.0,CH,957,812,0.8484848484848485
L,L,5.0,CS,2,2,1.0
L,L,5.0,CU,2064,1406,0.6812015503875969
L,L,5.0,EP,4,4,1.0
L,L,5.0,FA,7,5,0.7142857142857143
L,L,5.0,FC,2093,1722,0.822742474916388
L,L,5.0,FF,12632,9566,0.7572830905636478
L,L,5.0,FO,1,1,1.0
L,L,5.0,FS,33,28,0.8484848484848485
L,L,5.0,KC,479,324,0.6764091858037579
L,L,5.0,KN,3,3,1.0
L,L,5.0,SC,1,1,1.0
L,L,5.0,SI,7822,5624,0.7189976987982614
L,L,5.0,SL,5884,4413,0.75
L,L,5.0,ST,1188,878,0.7390572390572391
L,L,5.0,SV,160,110,0.6875
L,L,6.0,CH,1119,993,0.8873994638069705
L,L,6.0,CU,1281,717,0.5597189695550351
L,L,6.0,EP,1,1,1.0
L,L,6.0,FA,1,1,1.0
L,L,6.0,FC,860,574,0.6674418604651163
L,L,6.0,FF,7129,5490,0.7700939823257119
L,L,6.0,FO,1,1,1.0
L,L,6.0,FS,44,39,0.8863636363636364
L,L,6.0,KC,235,140,0.5957446808510638
L,L,6.0,SI,8003,6665,0.8328126952392853
L,L,6.0,SL,2975,1736,0.5835294117647059
L,L,6.0,ST,672,371,0.5520833333333334
L,L,6.0,SV,76,45,0.5921052631578947
L,L,7.0,CH,963,592,0.6147455867082036
L,L,7.0,CU,2292,1567,0.6836823734729494
L,L,7.0,FA,10,4,0.4
L,L,7.0,FC,2681,1912,0.7131667288325252
L,L,7.0,FF,8709,2870,0.3295441497301642
L,L,7.0,FS,51,38,0.7450980392156863
L,L,7.0,KC,600,397,0.6616666666666666
L,L,7.0,KN,5,4,0.8
L,L,7.0,SI,4855,1385,0.28527291452111225
L,L,7.0,SL,8329,6046,0.725897466682675
L,L,7.0,ST,1521,1075,0.7067718606180144
L,L,7.0,SV,230,161,0.7
L,L,8.0,CH,1458,1215,0.8333333333333334
L,L,8.0,CU,2212,1614,0.7296564195298373
L,L,8.0,EP,1,0,0.0
L,L,8.0,FA,1,0,0.0
L,L,8.0,FC,1660,1255,0.7560240963855421
L,L,8.0,FF,6955,3621,0.5206326383896477
L,L,8.0,FS,74,65,0.8783783783783784
L,L,8.0,KC,490,370,0.7551020408163265
L,L,8.0,SI,6871,3820,0.5559598311745015
L,L,8.0,SL,5944,4406,0.7412516823687753
L,L,8.0,ST,1013,678,0.6692991115498519
L,L,8.0,SV,172,115,0.6686046511627907
L,L,9.0,CH,1280,1092,0.853125
L,L,9.0,CU,1013,612,0.6041461006910168
L,L,9.0,EP,1,0,0.0
L,L,9.0,FA,1,0,0.0
L,L,9.0,FC,519,282,0.5433526011560693
L,L,9.0,FF,3313,1769,0.5339571385451253
L,L,9.0,FS,95,86,0.9052631578947369
L,L,9.0,KC,218,149,0.6834862385321101
L,L,9.0,KN,1,1,1.0
L,L,9.0,SI,6160,4415,0.7167207792207793
L,L,9.0,SL,2301,1264,0.5493263798348544
L,L,9.0,ST,451,214,0.4745011086474501
L,L,9.0,SV,53,32,0.6037735849056604
L,L,11.0,CH,227,45,0.19823788546255505
L,L,11.0,CU,1171,231,0.19726729291204098
L,L,11.0,EP,11,4,0.36363636363636365
L,L,11.0,FA,22,4,0.18181818181818182
L,L,11.0,FC,2247,656,0.2919448153093013
L,L,11.0,FF,17743,4125,0.2324860508369498
L,L,11.0,FS,11,4,0.36363636363636365
L,L,11.0,KC,199,41,0.20603015075376885
L,L,11.0,PO,9,0,0.0
L,L,11.0,SC,1,0,0.0
L,L,11.0,SI,3551,466,0.13123063925654746
L,L,11.0,SL,3746,902,0.2407901761879338
L,L,11.0,ST,1001,335,0.33466533466533466
L,L,11.0,SV,88,29,0.32954545454545453
L,L,12.0,CH,1395,567,0.4064516129032258
L,L,12.0,CS,3,0,0.0
L,L,12.0,CU,2266,194,0.08561341571050309
L,L,12.0,EP,18,10,0.5555555555555556
L,L,12.0,FA,13,4,0.3076923076923077
L,L,12.0,FC,1168,241,0.20633561643835616
L,L,12.0,FF,16302,5680,0.34842350631824315
L,L,12.0,FS,69,21,0.30434782608695654
L,L,12.0,KC,449,62,0.13808463251670378
L,L,12.0,KN,5,0,0.0
L,L,12.0,SC,2,1,0.5
L,L,12.0,SI,12250,5243,0.428
L,L,12.0,SL,3889,643,0.1653381331961944
L,L,12.0,ST,892,85,0.0952914798206278
L,L,12.0,SV,93,8,0.08602150537634409
L,L,13.0,CH,4038,949,0.23501733531451213
L,L,13.0,CS,4,0,0.0
L,L,13.0,CU,12237,3549,0.2900220642314293
L,L,13.0,EP,12,1,0.08333333333333333
L,L,13.0,FA,26,5,0.19230769230769232
L,L,13.0,FC,10229,2919,0.2853651383321928
L,L,13.0,FF,21666,2023,0.09337210375703868
L,L,13.0,FS,318,102,0.32075471698113206
L,L,13.0,KC,2573,808,0.31403031480761756
L,L,13.0,KN,5,1,0.2
L,L,13.0,SC,2,1,0.5
L,L,13.0,SI,11123,894,0.08037399982019239
L,L,13.0,SL,38042,12703,0.3339204037642606
L,L,13.0,ST,7106,2333,0.3283141007599212
L,L,13.0,SV,1106,358,0.32368896925858953
L,L,14.0,CH,3712,1813,0.48841594827586204
L,L,14.0,CU,1953,691,0.3538146441372248
L,L,14.0,EP,5,0,0.0
L,L,14.0,FA,2,1,0.5
L,L,14.0,FC,747,169,0.22623828647925034
L,L,14.0,FF,4813,1175,0.24413047995013504
L,L,14.0,FO,2,1,0.5
L,L,14.0,FS,408,179,0.4387254901960784
L,L,14.0,KC,379,161,0.42480211081794195
L,L,14.0,KN,3,0,0.0
L,L,14.0,SC,1,0,0.0
L,L,14.0,SI,12529,5297,0.4227791523665097
L,L,14.0,SL,3674,1178,0.3206314643440392
L,L,14.0,ST,725,160,0.2206896551724138
L,L,14.0,SV,109,35,0.3211009174311927
L,R,1.0,CH,7343,4311,0.5870897453356939
L,R,1.0,CS,12,6,0.5
L,R,1.0,CU,5511,1380,0.25040827436037016
L,R,1.0,EP,61,39,0.639344262295082
L,R,1.0,FA,153,116,0.7581699346405228
L,R,1.0,FC,5356,2497,0.4662061239731143
L,R,1.0,FF,47703,32812,0.6878393392449113
L,R,1.0,FO,14,6,0.42857142857142855
L,R,1.0,FS,1550,828,0.5341935483870968
L,R,1.0,KC,1913,522,0.2728698379508625
L,R,1.0,KN,113,63,0.5575221238938053
L,R,1.0,SC,9,4,0.4444444444444444
L,R,1.0,SI,12760,8295,0.6500783699059561
L,R,1.0,SL,6368,2608,0.40954773869346733
L,R,1.0,ST,1069,333,0.3115060804490178
L,R,1.0,SV,175,55,0.3142857142857143
L,R,2.0,CH,3736,2216,0.5931477516059958
L,R,2.0,CS,10,7,0.7
L,R,2.0,CU,3994,1580,0.39559339008512767
L,R,2.0,EP,38,28,0.7368421052631579
L,R,2.0,FA,121,91,0.7520661157024794
L,R,2.0,FC,8194,6139,0.7492067366365633
L,R,2.0,FF,51395,43773,0.8516976359568051
L,R,2.0,FO,5,2,0.4
L,R,2.0,FS,781,472,0.6043533930857875
L,R,2.0,KC,1393,562,0.40344580043072503
L,R,2.0,KN,119,80,0.6722689075630253
L,R,2.0,SC,5,4,0.8
L,R,2.0,SI,11018,7540,0.684334724995462
L,R,2.0,SL,6372,4002,0.628060263653484
L,R,2.0,ST,839,461,0.5494636471990465
L,R,2.0,SV,106,61,0.5754716981132075
L,R,3.0,CH,972,321,0.33024691358024694
L,R,3.0,CS,6,2,0.3333333333333333
L,R,3.0,CU,1524,546,0.35826771653543305
L,R,3.0,EP,28,21,0.75
L,R,3.0,FA,69,55,0.7971014492753623
L,R,3.0,FC,7817,5881,0.7523346552385826
L,R,3.0,FF,34497,26488,0.7678348841928284
L,R,3.0,FO,1,0,0.0
L,R,3.0,FS,276,116,0.42028985507246375
L,R,3.0,KC,563,221,0.3925399644760213
L,R,3.0,KN,68,48,0.7058823529411765
L,R,3.0,SC,4,0,0.0
L,R,3.0,SI,6905,2912,0.4217233888486604
L,R,3.0,SL,3946,2508,0.6355803345159655
L,R,3.0,ST,466,315,0.6759656652360515
L,R,3.0,SV,38,24,0.631578947368421
L,R,4.0,CH,19485,16220,0.8324352065691557
L,R,4.0,CS,19,7,0.3684210526315789
L,R,4.0,CU,10103,4691,0.464317529446699
L,R,4.0,EP,41,29,0.7073170731707317
L,R,4.0,FA,127,93,0.7322834645669292
L,R,4.0,FC,6386,3481,0.5450986533041027
L,R,4.0,FF,49285,32237,0.6540935375875012
L,R,4.0,FO,34,28,0.8235294117647058
L,R,4.0,FS,3901,3175,0.8138938733658037
L,R,4.0,KC,3463,1562,0.45105399942246605
L,R,4.0,KN,153,100,0.6535947712418301
L,R,4.0,SC,15,12,0.8
L,R,4.0,SI,22780,17401,0.7638718173836699
L,R,4.0,SL,12275,6729,0.5481873727087576
L,R,4.0,ST,2160,924,0.42777777777777776
L,R,4.0,SV,402,150,0.373134328358209
L,R,5.0,CH,12069,9782,0.8105062556964123
L,R,5.0,CS,17,12,0.7058823529411765
L,R,5.0,CU,9996,6021,0.6023409363745498
L,R,5.0,EP,48,34,0.7083333333333334
L,R,5.0,FA,122,102,0.8360655737704918
L,R,5.0,FC,9474,7808,0.8241503061009078
L,R,5.0,FF,55489,44566,0.8031501739083422
L,R,5.0,FO,22,21,0.9545454545454546
L,R,5.0,FS,2548,2116,0.8304552590266876
L,R,5.0,KC,3565,2189,0.6140252454417953
L,R,5.0,KN,157,125,0.7961783439490446
L,R,5.0,SC,9,7,0.7777777777777778
L,R,5.0,SI,19336,15044,0.7780306164666942
L,R,5.0,SL,14530,11312,0.778527185134205
L,R,5.0,ST,2315,1635,0.7062634989200864
L,R,5.0,SV,328,208,0.6341463414634146
L,R,6.0,CH,3710,1963,0.5291105121293801
L,R,6.0,CS,8,7,0.875
L,R,6.0,CU,5104,3007,0.5891457680250783
L,R,6.0,EP,40,24,0.6
L,R,6.0,FA,85,71,0.8352941176470589
L,R,6.0,FC,10706,9141,0.8538202876891463
L,R,6.0,FF,39498,29390,0.7440883082687731
L,R,6.0,FO,6,5,0.8333333333333334
L,R,6.0,FS,862,535,0.6206496519721578
L,R,6.0,KC,1798,1058,0.5884315906562848
L,R,6.0,KN,117,94,0.8034188034188035
L,R,6.0,SC,2,0,0.0
L,R,6.0,SI,11742,6095,0.5190768182592403
L,R,6.0,SL,10584,8493,0.802437641723356
L,R,6.0,ST,1527,1191,0.7799607072691552
L,R,6.0,SV,185,144,0.7783783783783784
L,R,7.0,CH,26542,21817,0.8219802577047698
L,R,7.0,CS,25,15,0.6
L,R,7.0,CU,9385,5125,0.5460841768779968
L,R,7.0,EP,38,32,0.8421052631578947
L,R,7.0,FA,72,39,0.5416666666666666
L,R,7.0,FC,4106,1642,0.39990258158792014
L,R,7.0,FF,25680,9689,0.377297507788162
L,R,7.0,FO,41,37,0.9024390243902439
L,R,7.0,FS,5540,4652,0.8397111913357401
L,R,7.0,KC,3291,1808,0.5493770890306897
L,R,7.0,KN,99,46,0.46464646464646464
L,R,7.0,SC,16,9,0.5625
L,R,7.0,SI,18518,11551,0.6237714656010368
L,R,7.0,SL,11147,5996,0.5379025746837715
L,R,7.0,ST,1855,771,0.415633423180593
L,R,7.0,SV,330,119,0.3606060606060606
L,R,8.0,CH,21499,17166,0.7984557421275408
L,R,8.0,CS,24,18,0.75
L,R,8.0,CU,12828,8902,0.6939507327720611
L,R,8.0,EP,33,26,0.7878787878787878
L,R,8.0,FA,76,47,0.618421052631579
L,R,8.0,FC,6284,4358,0.6935073201782305
L,R,8.0,FF,31245,16763,0.5365018402944471
L,R,8.0,FO,40,34,0.85
L,R,8.0,FS,4643,3998,0.8610811975016154
L,R,8.0,KC,4703,3364,0.7152881139698065
L,R,8.0,KN,131,90,0.6870229007633588
L,R,8.0,SC,7,5,0.7142857142857143
L,R,8.0,SI,17470,11185,0.6402404121350888
L,R,8.0,SL,17227,13261,0.7697799965170953
L,R,8.0,ST,2733,1778,0.650567142334431
L,R,8.0,SV,444,288,0.6486486486486487
L,R,9.0,CH,8504,4548,0.5348071495766697
L,R,9.0,CS,22,14,0.6363636363636364
L,R,9.0,CU,9053,6087,0.6723737987407489
L,R,9.0,EP,17,15,0.8823529411764706
L,R,9.0,FA,57,35,0.6140350877192983
L,R,9.0,FC,7221,5415,0.7498961362692148
L,R,9.0,FF,23066,11279,0.48898812104396083
L,R,9.0,FO,17,11,0.6470588235294118
L,R,9.0,FS,1998,1363,0.6821821821821822
L,R,9.0,KC,3420,2390,0.6988304093567251
L,R,9.0,KN,115,75,0.6521739130434783
L,R,9.0,SC,7,3,0.42857142857142855
L,R,9.0,SI,10224,4063,0.3973982785602504
L,R,9.0,SL,15732,12473,0.7928426137808289
L,R,9.0,ST,2388,1841,0.7709380234505863
L,R,9.0,SV,399,303,0.7593984962406015
L,R,11.0,CH,34617,7668,0.22150966288239882
L,R,11.0,CS,72,7,0.09722222222222222
L,R,11.0,CU,18498,1213,0.06557465671964537
L,R,11.0,EP,300,86,0.2866666666666667
L,R,11.0,FA,512,120,0.234375
L,R,11.0,FC,14487,2013,0.13895216400911162
L,R,11.0,FF,145826,32813,0.22501474359853524
L,R,11.0,FO,69,14,0.2028985507246377
L,R,11.0,FS,6902,1362,0.1973341060562156
L,R,11.0,KC,5921,376,0.06350278669143726
L,R,11.0,KN,373,57,0.15281501340482573
L,R,11.0,PO,192,0,0.0
L,R,11.0,SC,32,1,0.03125
L,R,11.0,SI,41865,9410,0.22477009435088977
L,R,11.0,SL,17559,1915,0.10906088046016288
L,R,11.0,ST,3383,220,0.0650310375406444
L,R,11.0,SV,525,25,0.047619047619047616
L,R,12.0,CH,1078,151,0.14007421150278293
L,R,12.0,CS,9,5,0.5555555555555556
L,R,12.0,CU,2077,351,0.16899374097255657
L,R,12.0,EP,65,26,0.4
L,R,12.0,FA,138,47,0.34057971014492755
L,R,12.0,FC,16052,6163,0.3839396959880389
L,R,12.0,FF,72223,24696,0.34194093294379907
L,R,12.0,FO,3,1,0.3333333333333333
L,R,12.0,FS,309,70,0.22653721682847897
L,R,12.0,KC,724,122,0.1685082872928177
L,R,12.0,KN,148,59,0.39864864864864863
L,R,12.0,SC,3,1,0.3333333333333333
L,R,12.0,SI,11942,1609,0.13473455032657847
L,R,12.0,SL,6383,2255,0.3532821557261476
L,R,12.0,ST,610,285,0.4672131147540984
L,R,12.0,SV,47,28,0.5957446808510638
L,R,13.0,CH,87383,36703,0.4200244898893377
L,R,13.0,CS,60,21,0.35
L,R,13.0,CU,22624,7237,0.3198815417256011
L,R,13.0,EP,104,39,0.375
L,R,13.0,FA,181,30,0.16574585635359115
L,R,13.0,FC,7468,1202,0.16095340117836102
L,R,13.0,FF,46183,6114,0.13238637593919841
L,R,13.0,FO,204,92,0.45098039215686275
L,R,13.0,FS,19256,8740,0.45388450353136683
L,R,13.0,KC,7541,2650,0.3514122795385227
L,R,13.0,KN,261,84,0.3218390804597701
L,R,13.0,PO,5,0,0.0
L,R,13.0,SC,28,3,0.10714285714285714
L,R,13.0,SI,43047,12130,0.28178502566961694
L,R,13.0,SL,25010,6857,0.2741703318672531
L,R,13.0,ST,3792,659,0.17378691983122363
L,R,13.0,SV,623,90,0.14446227929373998
L,R,14.0,CH,40164,8728,0.21730903296484413
L,R,14.0,CS,78,26,0.3333333333333333
L,R,14.0,CU,42595,13672,0.32097664045075713
L,R,14.0,EP,113,33,0.2920353982300885
L,R,14.0,FA,141,29,0.20567375886524822
L,R,14.0,FC,25104,9274,0.3694231994901211
L,R,14.0,FF,50885,8136,0.1598899479217844
L,R,14.0,FO,174,51,0.29310344827586204
L,R,14.0,FS,11956,3558,0.2975911676145868
L,R,14.0,KC,16803,6188,0.36826757126703563
L,R,14.0,KN,316,60,0.189873417721519
L,R,14.0,SC,41,11,0.2682926829268293
L,R,14.0,SI,24640,2775,0.11262175324675325
L,R,14.0,SL,65059,25502,0.3919826618915139
L,R,14.0,ST,8692,3357,0.38621721122871605
L,R,14.0,SV,1554,608,0.3912483912483912
R,L,1.0,CH,659,232,0.3520485584218513
R,L,1.0,CU,1140,453,0.3973684210526316
R,L,1.0,EP,4,3,0.75
R,L,1.0,FA,6,6,1.0
R,L,1.0,FC,4419,3218,0.7282190540846345
R,L,1.0,FF,22910,16863,0.736054124836316
R,L,1.0,FO,2,1,0.5
R,L,1.0,FS,27,9,0.3333333333333333
R,L,1.0,KC,255,102,0.4
R,L,1.0,KN,3,3,1.0
R,L,1.0,SI,5587,2963,0.5303382853051727
R,L,1.0,SL,2270,1447,0.6374449339207049
R,L,1.0,ST,296,191,0.6452702702702703
R,L,1.0,SV,92,61,0.6630434782608695
R,L,2.0,CH,2461,1473,0.5985371800081267
R,L,2.0,CS,1,1,1.0
R,L,2.0,CU,2578,1021,0.3960434445306439
R,L,2.0,EP,3,3,1.0
R,L,2.0,FA,9,8,0.8888888888888888
R,L,2.0,FC,4171,3034,0.727403500359626
R,L,2.0,FF,29069,24177,0.8317107571639891
R,L,2.0,FO,1,1,1.0
R,L,2.0,FS,71,50,0.704225352112676
R,L,2.0,KC,690,290,0.42028985507246375
R,L,2.0,KN,1,1,1.0
R,L,2.0,SC,2,0,0.0
R,L,2.0,SI,8263,5942,0.7191092823429747
R,L,2.0,SL,3579,2130,0.595138306789606
R,L,2.0,ST,528,295,0.5587121212121212
R,L,2.0,SV,177,74,0.4180790960451977
R,L,3.0,CH,4997,3056,0.6115669401640984
R,L,3.0,CS,4,2,0.5
R,L,3.0,CU,3042,811,0.2666009204470743
R,L,3.0,EP,7,6,0.8571428571428571
R,L,3.0,FA,10,7,0.7
R,L,3.0,FC,2533,1235,0.48756415317804974
R,L,3.0,FF,22566,15756,0.6982185588939112
R,L,3.0,FO,2,2,1.0
R,L,3.0,FS,151,90,0.5960264900662252
R,L,3.0,KC,795,236,0.2968553459119497
R,L,3.0,KN,3,3,1.0
R,L,3.0,SC,3,2,0.6666666666666666
R,L,3.0,SI,8998,5926,0.6585907979551011
R,L,3.0,SL,3264,1297,0.39736519607843135
R,L,3.0,ST,635,195,0.30708661417322836
R,L,3.0,SV,123,28,0.22764227642276422
R,L,4.0,CH,2660,1492,0.5609022556390978
R,L,4.0,CS,4,3,0.75
R,L,4.0,CU,3223,1952,0.6056469128141483
R,L,4.0,EP,3,2,0.6666666666666666
R,L,4.0,FA,5,2,0.4
R,L,4.0,FC,6613,5604,0.8474217450476335
R,L,4.0,FF,26376,19040,0.721868365180467
R,L,4.0,FO,1,1,1.0
R,L,4.0,FS,99,62,0.6262626262626263
R,L,4.0,KC,844,525,0.6220379146919431
R,L,4.0,KN,7,7,1.0
R,L,4.0,SC,1,0,0.0
R,L,4.0,SI,9172,5219,0.5690143916266899
R,L,4.0,SL,6794,5523,0.8129231675007359
R,L,4.0,ST,985,761,0.7725888324873097
R,L,4.0,SV,272,195,0.7169117647058824
R,L,5.0,CH,8380,6737,0.8039379474940335
R,L,5.0,CS,3,3,1.0
R,L,5.0,CU,5701,3495,0.6130503420452552
R,L,5.0,EP,5,4,0.8
R,L,5.0,FA,15,12,0.8
R,L,5.0,FC,5375,4462,0.8301395348837209
R,L,5.0,FF,29798,23819,0.7993489495939324
R,L,5.0,FO,2,2,1.0
R,L,5.0,FS,248,215,0.8669354838709677
R,L,5.0,KC,1567,978,0.624122527121889
R,L,5.0,KN,5,5,1.0
R,L,5.0,SC,4,4,1.0
R,L,5.0,SI,14124,10873,0.7698244123477769
R,L,5.0,SL,8452,6464,0.7647893989588264
R,L,5.0,ST,1339,874,0.6527259148618372
R,L,5.0,SV,299,184,0.6153846153846154
R,L,6.0,CH,14048,11808,0.8405466970387244
R,L,6.0,CS,4,3,0.75
R,L,6.0,CU,5261,2486,0.4725337388329215
R,L,6.0,EP,5,2,0.4
R,L,6.0,FA,5,5,1.0
R,L,6.0,FC,3693,2138,0.5789331167072841
R,L,6.0,FF,22965,15665,0.6821249727846723
R,L,6.0,FO,7,5,0.7142857142857143
R,L,6.0,FS,359,292,0.8133704735376045
R,L,6.0,KC,1310,695,0.5305343511450382
R,L,6.0,KN,8,6,0.75
R,L,6.0,SC,5,5,1.0
R,L,6.0,SI,15600,11749,0.7531410256410257
R,L,6.0,SL,6054,3282,0.5421209117938554
R,L,6.0,ST,1149,490,0.42645778938207135
R,L,6.0,SV,190,64,0.3368421052631579
R,L,7.0,CH,5659,3051,0.539141191023149
R,L,7.0,CS,9,8,0.8888888888888888
R,L,7.0,CU,5492,3742,0.6813546977421704
R,L,7.0,FA,8,4,0.5
R,L,7.0,FC,5159,4001,0.77553789494088
R,L,7.0,FF,15000,6678,0.4452
R,L,7.0,FO,2,0,0.0
R,L,7.0,FS,214,152,0.7102803738317757
R,L,7.0,KC,1417,945,0.6669019054340155
R,L,7.0,KN,5,5,1.0
R,L,7.0,SC,2,0,0.0
R,L,7.0,SI,7786,3102,0.39840739789365526
R,L,7.0,SL,10496,8466,0.8065929878048781
R,L,7.0,ST,1435,1072,0.7470383275261324
R,L,7.0,SV,311,214,0.6881028938906752
R,L,8.0,CH,14651,11452,0.7816531294792164
R,L,8.0,CS,6,4,0.6666666666666666
R,L,8.0,CU,7073,4863,0.6875441821009473
R,L,8.0,EP,4,3,0.75
R,L,8.0,FA,4,4,1.0
R,L,8.0,FC,4036,2938,0.7279484638255699
R,L,8.0,FF,15707,8368,0.5327560960081492
R,L,8.0,FO,6,4,0.6666666666666666
R,L,8.0,FS,428,367,0.8574766355140186
R,L,8.0,KC,1838,1323,0.719804134929271
R,L,8.0,KN,10,9,0.9
R,L,8.0,SC,5,4,0.8
R,L,8.0,SI,12346,7515,0.6086991738214806
R,L,8.0,SL,10211,7838,0.7676035647830771
R,L,8.0,ST,1538,1044,0.6788036410923277
R,L,8.0,SV,282,169,0.599290780141844
R,L,9.0,CH,18929,15528,0.820328596333668
R,L,9.0,CS,7,7,1.0
R,L,9.0,CU,4873,2781,0.5706956700184691
R,L,9.0,EP,3,3,1.0
R,L,9.0,FA,9,5,0.5555555555555556
R,L,9.0,FC,2650,1192,0.44981132075471697
R,L,9.0,FF,11805,4766,0.40372723422278695
R,L,9.0,FO,3,2,0.6666666666666666
R,L,9.0,FS,493,423,0.8580121703853956
R,L,9.0,KC,1133,698,0.6160635481023831
R,L,9.0,KN,10,8,0.8
R,L,9.0,SC,3,3,1.0
R,L,9.0,SI,12776,7679,0.6010488415779587
R,L,9.0,SL,5580,3119,0.5589605734767025
R,L,9.0,ST,1004,437,0.4352589641434263
R,L,9.0,SV,144,57,0.3958333333333333
R,L,11.0,CH,715,104,0.14545454545454545
R,L,11.0,CS,3,2,0.6666666666666666
R,L,11.0,CU,1562,295,0.18886043533930857
R,L,11.0,EP,9,4,0.4444444444444444
R,L,11.0,FA,10,5,0.5
R,L,11.0,FC,9211,3541,0.38443165780045596
R,L,11.0,FF,48317,15520,0.32121199577788356
R,L,11.0,FO,3,1,0.3333333333333333
R,L,11.0,FS,25,5,0.2
R,L,11.0,KC,356,70,0.19662921348314608
R,L,11.0,KN,9,3,0.3333333333333333
R,L,11.0,SC,1,1,1.0
R,L,11.0,SI,9773,1805,0.18469252020873836
R,L,11.0,SL,3660,1295,0.35382513661202186
R,L,11.0,ST,507,219,0.4319526627218935
R,L,11.0,SV,107,40,0.37383177570093457
R,L,12.0,CH,24027,6629,0.27589794814167395
R,L,12.0,CS,14,1,0.07142857142857142
R,L,12.0,CU,9974,646,0.06476839783436936
R,L,12.0,EP,51,14,0.27450980392156865
R,L,12.0,FA,29,12,0.41379310344827586
R,L,12.0,FC,7007,1088,0.155273298130441
R,L,12.0,FF,66806,17143,0.25660868784240937
R,L,12.0,FO,15,3,0.2
R,L,12.0,FS,613,131,0.2137030995106036
R,L,12.0,KC,2011,175,0.0870213823968175
R,L,12.0,KN,12,3,0.25
R,L,12.0,PO,11,0,0.0
R,L,12.0,SC,14,5,0.35714285714285715
R,L,12.0,SI,27115,7004,0.258307210031348
R,L,12.0,SL,8312,861,0.1035851780558229
R,L,12.0,ST,1845,135,0.07317073170731707
R,L,12.0,SV,293,25,0.08532423208191127
R,L,13.0,CH,24461,5209,0.21295122848616166
R,L,13.0,CS,22,9,0.4090909090909091
R,L,13.0,CU,26135,8791,0.33636885402716665
R,L,13.0,EP,11,3,0.2727272727272727
R,L,13.0,FA,24,2,0.08333333333333333
R,L,13.0,FC,19021,7212,0.37915987592660744
R,L,13.0,FF,35397,5426,0.15328982682148204
R,L,13.0,FO,11,5,0.45454545454545453
R,L,13.0,FS,1316,402,0.30547112462006076
R,L,13.0,KC,7116,2403,0.3376897133220911
R,L,13.0,KN,26,8,0.3076923076923077
R,L,13.0,SC,10,4,0.4
R,L,13.0,SI,18528,2021,0.10907815198618308
R,L,13.0,SL,47358,19062,0.40250855188141393
R,L,13.0,ST,5703,2321,0.40697878309661584
R,L,13.0,SV,1094,375,0.34277879341864714
R,L,14.0,CH,64992,28304,0.43549975381585426
R,L,14.0,CS,13,6,0.46153846153846156
R,L,14.0,CU,12095,4025,0.33278214138073586
R,L,14.0,EP,12,0,0.0
R,L,14.0,FA,18,5,0.2777777777777778
R,L,14.0,FC,5199,847,0.16291594537411042
R,L,14.0,FF,21435,3223,0.1503615581992069
R,L,14.0,FO,20,10,0.5
R,L,14.0,FS,1857,840,0.45234248788368336
R,L,14.0,KC,2715,1050,0.3867403314917127
R,L,14.0,KN,36,18,0.5
R,L,14.0,SC,16,9,0.5625
R,L,14.0,SI,29096,8127,0.2793167445697003
R,L,14.0,SL,12354,3556,0.2878419944957099
R,L,14.0,ST,2115,398,0.18817966903073285
R,L,14.0,SV,270,62,0.22962962962962963
R,R,1.0,CH,2792,1936,0.6934097421203438
R,R,1.0,CS,8,2,0.25
R,R,1.0,CU,3703,1205,0.325411828247367
R,R,1.0,EP,50,40,0.8
R,R,1.0,FA,123,88,0.7154471544715447
R,R,1.0,FC,3591,2086,0.580896686159844
R,R,1.0,FF,36228,28302,0.7812189466710832
R,R,1.0,FO,10,5,0.5
R,R,1.0,FS,767,502,0.6544980443285529
R,R,1.0,KC,1329,461,0.3468773513920241
R,R,1.0,KN,108,68,0.6296296296296297
R,R,1.0,SC,6,5,0.8333333333333334
R,R,1.0,SI,18345,13822,0.7534478059416735
R,R,1.0,SL,9661,4629,0.4791429458648173
R,R,1.0,ST,1963,848,0.43199184921039224
R,R,1.0,SV,151,64,0.423841059602649
R,R,2.0,CH,2164,1488,0.6876155268022182
R,R,2.0,CS,7,3,0.42857142857142855
R,R,2.0,CU,4122,1750,0.4245511887433285
R,R,2.0,EP,59,51,0.864406779661017
R,R,2.0,FA,158,130,0.8227848101265823
R,R,2.0,FC,7003,4930,0.7039840068542054
R,R,2.0,FF,54405,44778,0.8230493520816101
R,R,2.0,FO,7,5,0.7142857142857143
R,R,2.0,FS,591,386,0.6531302876480541
R,R,2.0,KC,1527,678,0.444007858546169
R,R,2.0,KN,138,101,0.7318840579710145
R,R,2.0,SI,16176,10738,0.6638229475766568
R,R,2.0,SL,14586,8614,0.5905662964486494
R,R,2.0,ST,2650,1629,0.6147169811320755
R,R,2.0,SV,186,99,0.532258064516129
R,R,3.0,CH,981,508,0.5178389398572885
R,R,3.0,CS,4,2,0.5
R,R,3.0,CU,2466,993,0.402676399026764
R,R,3.0,EP,51,37,0.7254901960784313
R,R,3.0,FA,142,102,0.7183098591549296
R,R,3.0,FC,6931,4427,0.6387245707690088
R,R,3.0,FF,44641,30970,0.6937568602853879
R,R,3.0,FO,1,1,1.0
R,R,3.0,FS,237,125,0.5274261603375527
R,R,3.0,KC,778,287,0.36889460154241643
R,R,3.0,KN,129,82,0.6356589147286822
R,R,3.0,PO,2,0,0.0
R,R,3.0,SC,2,1,0.5
R,R,3.0,SI,9825,4049,0.4121119592875318
R,R,3.0,SL,11784,6223,0.5280889341479973
R,R,3.0,ST,2320,1446,0.6232758620689656
R,R,3.0,SV,118,64,0.5423728813559322
R,R,4.0,CH,6758,5928,0.877182598401894
R,R,4.0,CS,9,5,0.5555555555555556
R,R,4.0,CU,5675,2955,0.520704845814978
R,R,4.0,EP,28,20,0.7142857142857143
R,R,4.0,FA,102,79,0.7745098039215687
R,R,4.0,FC,4285,2748,0.6413068844807468
R,R,4.0,FF,34082,26405,0.7747491344404671
R,R,4.0,FO,19,16,0.8421052631578947
R,R,4.0,FS,1998,1736,0.8688688688688688
R,R,4.0,KC,2074,1186,0.5718418514946962
R,R,4.0,KN,137,98,0.7153284671532847
R,R,4.0,SC,8,8,1.0
R,R,4.0,SI,33785,27825,0.8235903507473731
R,R,4.0,SL,14831,8872,0.5982064594430585
R,R,4.0,ST,2855,1478,0.5176882661996497
R,R,4.0,SV,281,146,0.5195729537366548
R,R,5.0,CH,6431,5626,0.8748250660861452
R,R,5.0,CS,13,10,0.7692307692307693
R,R,5.0,CU,8951,5792,0.6470785387107586
R,R,5.0,EP,58,49,0.8448275862068966
R,R,5.0,FA,185,156,0.8432432432432433
R,R,5.0,FC,10498,8430,0.8030100971613641
R,R,5.0,FF,60013,47541,0.7921783613550397
R,R,5.0,FO,24,22,0.9166666666666666
R,R,5.0,FS,1735,1540,0.8876080691642652
R,R,5.0,KC,3128,2023,0.6467391304347826
R,R,5.0,KN,182,152,0.8351648351648352
R,R,5.0,SC,3,2,0.6666666666666666
R,R,5.0,SI,32926,24116,0.7324302982445484
R,R,5.0,SL,30907,22830,0.7386676157504772
R,R,5.0,ST,5483,3941,0.7187670983038482
R,R,5.0,SV,478,345,0.7217573221757322
R,R,6.0,CH,3507,2487,0.7091531223267751
R,R,6.0,CS,7,5,0.7142857142857143
R,R,6.0,CU,7549,4630,0.6133262683799179
R,R,6.0,EP,63,49,0.7777777777777778
R,R,6.0,FA,191,138,0.7225130890052356
R,R,6.0,FC,13887,10783,0.7764816014978037
R,R,6.0,FF,60595,38500,0.6353659542866573
R,R,6.0,FO,4,1,0.25
R,R,6.0,FS,875,654,0.7474285714285714
R,R,6.0,KC,2427,1437,0.5920889987639061
R,R,6.0,KN,202,157,0.7772277227722773
R,R,6.0,SC,3,3,1.0
R,R,6.0,SI,22800,10179,0.44644736842105265
R,R,6.0,SL,33520,24567,0.7329057279236277
R,R,6.0,ST,6143,4703,0.7655868468175159
R,R,6.0,SV,514,358,0.6964980544747081
R,R,7.0,CH,8591,7366,0.857408916307764
R,R,7.0,CS,9,8,0.8888888888888888
R,R,7.0,CU,4168,2503,0.60052783109405
R,R,7.0,EP,15,12,0.8
R,R,7.0,FA,54,31,0.5740740740740741
R,R,7.0,FC,2345,1100,0.4690831556503198
R,R,7.0,FF,15736,8142,0.5174123029994916
R,R,7.0,FO,32,28,0.875
R,R,7.0,FS,2636,2268,0.8603945371775418
R,R,7.0,KC,1634,1068,0.653610771113831
R,R,7.0,KN,89,57,0.6404494382022472
R,R,7.0,SC,6,5,0.8333333333333334
R,R,7.0,SI,26967,18894,0.7006341083546557
R,R,7.0,SL,10472,5745,0.5486058059587471
R,R,7.0,ST,1769,846,0.47823629169022047
R,R,7.0,SV,222,102,0.4594594594594595
R,R,8.0,CH,10284,8758,0.8516141579152081
R,R,8.0,CS,24,20,0.8333333333333334
R,R,8.0,CU,9300,6662,0.7163440860215053
R,R,8.0,EP,30,22,0.7333333333333333
R,R,8.0,FA,106,62,0.5849056603773585
R,R,8.0,FC,7384,5086,0.6887865655471289
R,R,8.0,FF,31359,16589,0.5290028381007047
R,R,8.0,FO,43,35,0.813953488372093
R,R,8.0,FS,3082,2712,0.8799480856586632
R,R,8.0,KC,3745,2740,0.7316421895861148
R,R,8.0,KN,145,91,0.6275862068965518
R,R,8.0,SC,9,6,0.6666666666666666
R,R,8.0,SI,29451,17239,0.585345149570473
R,R,8.0,SL,29345,21665,0.7382859090134606
R,R,8.0,ST,4589,3101,0.6757463499673131
R,R,8.0,SV,475,312,0.6568421052631579
R,R,9.0,CH,6589,4498,0.6826529063590833
R,R,9.0,CS,13,12,0.9230769230769231
R,R,9.0,CU,10792,7296,0.676056338028169
R,R,9.0,EP,56,40,0.7142857142857143
R,R,9.0,FA,121,54,0.4462809917355372
R,R,9.0,FC,13411,8978,0.6694504511222131
R,R,9.0,FF,38979,13974,0.3585007311629339
R,R,9.0,FO,25,17,0.68
R,R,9.0,FS,1956,1457,0.7448875255623721
R,R,9.0,KC,4041,2679,0.6629547141796585
R,R,9.0,KN,142,85,0.5985915492957746
R,R,9.0,SC,3,2,0.6666666666666666
R,R,9.0,SI,22642,6985,0.3084974825545447
R,R,9.0,SL,45468,32833,0.7221122547725873
R,R,9.0,ST,7460,5462,0.732171581769437
R,R,9.0,SV,785,568,0.7235668789808917
R,R,11.0,CH,8532,3014,0.353258321612752
R,R,11.0,CS,34,9,0.2647058823529412
R,R,11.0,CU,9046,756,0.08357284987839929
R,R,11.0,EP,247,67,0.27125506072874495
R,R,11.0,FA,376,103,0.27393617021276595
R,R,11.0,FC,6840,1560,0.22807017543859648
R,R,11.0,FF,92014,31797,0.3455669789379877
R,R,11.0,FO,35,10,0.2857142857142857
R,R,11.0,FS,2687,824,0.3066617045031634
R,R,11.0,KC,3123,280,0.08965738072366314
R,R,11.0,KN,320,56,0.175
R,R,11.0,PO,1,0,0.0
R,R,11.0,SC,15,3,0.2
R,R,11.0,SI,55059,22490,0.4084709130205779
R,R,11.0,SL,17714,2908,0.16416393812803431
R,R,11.0,ST,3886,475,0.1222336592897581
R,R,11.0,SV,266,25,0.09398496240601503
R,R,12.0,CH,1367,292,0.21360643745427946
R,R,12.0,CS,18,4,0.2222222222222222
R,R,12.0,CU,4207,878,0.20869978607083434
R,R,12.0,EP,230,83,0.36086956521739133
R,R,12.0,FA,414,157,0.37922705314009664
R,R,12.0,FC,13727,4777,0.34800029139651784
R,R,12.0,FF,93687,28998,0.3095199974382785
R,R,12.0,FO,4,1,0.25
R,R,12.0,FS,325,74,0.2276923076923077
R,R,12.0,KC,1249,208,0.16653322658126501
R,R,12.0,KN,275,95,0.34545454545454546
R,R,12.0,PO,228,0,0.0
R,R,12.0,SC,1,0,0.0
R,R,12.0,SI,15319,2003,0.13075266009530648
R,R,12.0,SL,21690,6498,0.2995850622406639
R,R,12.0,ST,4823,1925,0.3991291727140784
R,R,12.0,SV,224,93,0.41517857142857145
R,R,13.0,CH,24565,11725,0.47730510889476896
R,R,13.0,CS,29,12,0.41379310344827586
R,R,13.0,CU,7868,3093,0.393111337061515
R,R,13.0,EP,37,13,0.35135135135135137
R,R,13.0,FA,96,19,0.19791666666666666
R,R,13.0,FC,3176,783,0.24653652392947104
R,R,13.0,FF,24425,5476,0.22419651995905834
R,R,13.0,FO,143,68,0.4755244755244755
R,R,13.0,FS,8206,4131,0.5034121374603948
R,R,13.0,KC,3204,1415,0.4416354556803995
R,R,13.0,KN,174,57,0.3275862068965517
R,R,13.0,SC,17,8,0.47058823529411764
R,R,13.0,SI,59872,24335,0.40645042757883487
R,R,13.0,SL,16211,5206,0.3211399666892851
R,R,13.0,ST,2377,571,0.24021876314682372
R,R,13.0,SV,242,73,0.30165289256198347
R,R,14.0,CH,30006,7865,0.2621142438179031
R,R,14.0,CS,88,29,0.32954545454545453
R,R,14.0,CU,53935,16479,0.3055344396032261
R,R,14.0,EP,214,56,0.2616822429906542
R,R,14.0,FA,486,58,0.11934156378600823
R,R,14.0,FC,50806,14824,0.29177656182340667
R,R,14.0,FF,100016,10951,0.10949248120300752
R,R,14.0,FO,264,94,0.3560606060606061
R,R,14.0,FS,10794,3441,0.3187882156753752
R,R,14.0,KC,20047,6608,0.329625380356163
R,R,14.0,KN,575,149,0.2591304347826087
R,R,14.0,PO,13,0,0.0
R,R,14.0,SC,19,8,0.42105263157894735
R,R,14.0,SI,54620,4173,0.07640058586598315
R,R,14.0,SL,203889,69504,0.34089136736165265
R,R,14.0,ST,37592,12964,0.3448606086401362
R,R,14.0,SV,4045,1461,0.36118665018541407
