stand,p_throws,zone,pitch_type,ball_in_play,foul,swinging_strike,total_swings,pct_swinging_strike,pct_foul,pct_ball_in_play
L,L,1.0,CH,35,27,10,72,0.1388888888888889,0.375,0.4861111111111111
L,L,1.0,CU,135,99,42,276,0.15217391304347827,0.358695652173913,0.4891304347826087
L,L,1.0,EP,0,1,0,1,0.0,1.0,0.0
L,L,1.0,FA,2,5,0,7,0.0,0.7142857142857143,0.2857142857142857
L,L,1.0,FC,243,309,134,686,0.19533527696793002,0.45043731778425655,0.35422740524781343
L,L,1.0,FF,1402,2566,1280,5248,0.24390243902439024,0.4889481707317073,0.26714939024390244
L,L,1.0,FS,3,1,2,6,0.3333333333333333,0.16666666666666666,0.5
L,L,1.0,KC,23,23,3,49,0.061224489795918366,0.46938775510204084,0.46938775510204084
L,L,1.0,SI,283,394,164,841,0.19500594530321047,0.4684898929845422,0.33650416171224734
L,L,1.0,SL,406,429,235,1070,0.21962616822429906,0.4009345794392523,0.3794392523364486
L,L,1.0,ST,102,99,58,259,0.22393822393822393,0.38223938223938225,0.3938223938223938
L,L,1.0,SV,9,14,7,30,0.23333333333333334,0.4666666666666667,0.3
L,L,2.0,CH,126,85,30,241,0.12448132780082988,0.35269709543568467,0.5228215767634855
L,L,2.0,CS,1,0,0,1,0.0,0.0,1.0
L,L,2.0,CU,247,186,62,495,0.12525252525252525,0.37575757575757573,0.498989898989899
L,L,2.0,EP,0,1,0,1,0.0,1.0,0.0
L,L,2.0,FA,1,4,0,5,0.0,0.8,0.2
L,L,2.0,FC,321,352,163,836,0.19497607655502391,0.42105263157894735,0.3839712918660287
L,L,2.0,FF,2476,4172,1849,8497,0.21760621395786747,0.49099682240790865,0.29139696363422385
L,L,2.0,FS,3,5,0,8,0.0,0.625,0.375
L,L,2.0,KC,49,45,7,101,0.06930693069306931,0.44554455445544555,0.48514851485148514
L,L,2.0,KN,1,1,0,2,0.0,0.5,0.5
L,L,2.0,SC,1,1,0,2,0.0,0.5,0.5
L,L,2.0,SI,995,1114,357,2466,0.14476885644768855,0.45174371451743717,0.4034874290348743
L,L,2.0,SL,597,686,293,1576,0.18591370558375633,0.4352791878172589,0.37880710659898476
L,L,2.0,ST,113,140,66,319,0.20689655172413793,0.438871473354232,0.3542319749216301
L,L,2.0,SV,7,17,4,28,0.14285714285714285,0.6071428571428571,0.25
L,L,3.0,CH,132,162,34,328,0.10365853658536585,0.49390243902439024,0.4024390243902439
L,L,3.0,CU,127,126,30,283,0.10600706713780919,0.4452296819787986,0.44876325088339225
L,L,3.0,EP,2,0,0,2,0.0,0.0,1.0
L,L,3.0,FA,3,5,1,9,0.1111111111111111,0.5555555555555556,0.3333333333333333
L,L,3.0,FC,122,167,74,363,0.20385674931129477,0.46005509641873277,0.33608815426997246
L,L,3.0,FF,1711,2662,1139,5512,0.2066400580551524,0.48294629898403485,0.31041364296081275
L,L,3.0,FS,5,4,0,9,0.0,0.4444444444444444,0.5555555555555556
L,L,3.0,KC,28,47,3,78,0.038461538461538464,0.6025641025641025,0.358974358974359
L,L,3.0,KN,0,1,0,1,0.0,1.0,0.0
L,L,3.0,SI,1393,1442,393,3228,0.12174721189591078,0.44671623296158613,0.4315365551425031
L,L,3.0,SL,318,401,184,903,0.20376522702104097,0.4440753045404208,0.3521594684385382
L,L,3.0,ST,44,95,31,170,0.18235294117647058,0.5588235294117647,0.25882352941176473
L,L,3.0,SV,9,8,2,19,0.10526315789473684,0.42105263157894735,0.47368421052631576
L,L,4.0,CH,177,119,45,341,0.13196480938416422,0.3489736070381232,0.5190615835777126
L,L,4.0,CU,560,393,168,1121,0.14986619090098127,0.35057983942908116,0.49955396966993754
L,L,4.0,EP,1,0,0,1,0.0,0.0,1.0
L,L,4.0,FA,2,3,1,6,0.16666666666666666,0.5,0.3333333333333333
L,L,4.0,FC,940,777,337,2054,0.1640701071080818,0.37828627069133397,0.45764362220058424
L,L,4.0,FF,2406,3527,1259,7192,0.17505561735261402,0.4904060066740823,0.33453837597330366
L,L,4.0,FS,8,6,5,19,0.2631578947368421,0.3157894736842105,0.42105263157894735
L,L,4.0,KC,104,65,25,194,0.12886597938144329,0.33505154639175255,0.5360824742268041
L,L,4.0,KN,2,2,0,4,0.0,0.5,0.5
L,L,4.0,SI,1059,856,228,2143,0.10639290713952403,0.3994400373308446,0.49416705552963136
L,L,4.0,SL,2058,1486,769,4313,0.17829816832830975,0.3445397635056805,0.47716206816600976
L,L,4.0,ST,396,324,186,906,0.2052980132450331,0.3576158940397351,0.4370860927152318
L,L,4.0,SV,62,37,21,120,0.175,0.30833333333333335,0.5166666666666667
L,L,5.0,CH,389,312,111,812,0.13669950738916256,0.3842364532019704,0.479064039408867
L,L,5.0,CS,0,1,1,2,0.5,0.5,0.0
L,L,5.0,CU,742,507,157,1406,0.1116642958748222,0.36059743954480794,0.5277382645803699
L,L,5.0,EP,4,0,0,4,0.0,0.0,1.0
L,L,5.0,FA,2,3,0,5,0.0,0.6,0.4
L,L,5.0,FC,882,651,189,1722,0.10975609756097561,0.3780487804878049,0.5121951219512195
L,L,5.0,FF,3871,4419,1276,9566,0.13338908634748067,0.4619485678444491,0.40466234580807026
L,L,5.0,FO,1,0,0,1,0.0,0.0,1.0
L,L,5.0,FS,11,9,8,28,0.2857142857142857,0.32142857142857145,0.39285714285714285
L,L,5.0,KC,187,121,16,324,0.04938271604938271,0.3734567901234568,0.5771604938271605
L,L,5.0,KN,1,1,1,3,0.3333333333333333,0.3333333333333333,0.3333333333333333
L,L,5.0,SC,1,0,0,1,0.0,0.0,1.0
L,L,5.0,SI,3108,2136,380,5624,0.06756756756756757,0.37980085348506404,0.5526315789473685
L,L,5.0,SL,2192,1672,549,4413,0.12440516655336506,0.3788805801042375,0.49671425334239744
L,L,5.0,ST,372,354,152,878,0.17312072892938496,0.4031890660592255,0.42369020501138954
L,L,5.0,SV,40,53,17,110,0.15454545454545454,0.4818181818181818,0.36363636363636365
L,L,6.0,CH,361,502,130,993,0.1309164149043303,0.5055387713997986,0.3635448136958711
L,L,6.0,CU,329,333,55,717,0.07670850767085077,0.46443514644351463,0.45885634588563456
L,L,6.0,EP,1,0,0,1,0.0,0.0,1.0
L,L,6.0,FA,1,0,0,1,0.0,0.0,1.0
L,L,6.0,FC,275,257,42,574,0.07317073170731707,0.44773519163763065,0.47909407665505227
L,L,6.0,FF,2484,2502,504,5490,0.09180327868852459,0.4557377049180328,0.4524590163934426
L,L,6.0,FO,0,1,0,1,0.0,1.0,0.0
L,L,6.0,FS,13,19,7,39,0.1794871794871795,0.48717948717948717,0.3333333333333333
L,L,6.0,KC,69,58,13,140,0.09285714285714286,0.4142857142857143,0.4928571428571429
L,L,6.0,SI,3601,2654,410,6665,0.06151537884471118,0.39819954988747186,0.540285071267817
L,L,6.0,SL,782,795,159,1736,0.09158986175115208,0.45794930875576034,0.4504608294930876
L,L,6.0,ST,138,183,50,371,0.1347708894878706,0.49326145552560646,0.3719676549865229
L,L,6.0,SV,18,26,1,45,0.022222222222222223,0.5777777777777777,0.4
L,L,7.0,CH,233,180,179,592,0.30236486486486486,0.30405405405405406,0.3935810810810811
L,L,7.0,CU,711,454,402,1567,0.25654116145500955,0.28972559029993616,0.45373324824505423
L,L,7.0,FA,3,1,0,4,0.0,0.25,0.75
L,L,7.0,FC,787,610,515,1912,0.26935146443514646,0.3190376569037657,0.41161087866108786
L,L,7.0,FF,1159,1291,420,2870,0.14634146341463414,0.4498257839721254,0.4038327526132404
L,L,7.0,FS,15,12,11,38,0.2894736842105263,0.3157894736842105,0.39473684210526316
L,L,7.0,KC,197,102,98,397,0.24685138539042822,0.25692695214105793,0.49622166246851385
L,L,7.0,KN,1,1,2,4,0.5,0.25,0.25
L,L,7.0,SI,712,497,176,1385,0.12707581227436823,0.3588447653429603,0.5140794223826715
L,L,7.0,SL,2363,1663,2020,6046,0.33410519351637447,0.27505788951372806,0.3908369169698975
L,L,7.0,ST,410,325,340,1075,0.31627906976744186,0.3023255813953488,0.3813953488372093
L,L,7.0,SV,71,48,42,161,0.2608695652173913,0.2981366459627329,0.4409937888198758
L,L,8.0,CH,448,439,328,1215,0.26995884773662554,0.36131687242798355,0.36872427983539097
L,L,8.0,CU,681,593,340,1614,0.21065675340768278,0.3674101610904585,0.42193308550185876
L,L,8.0,FC,589,443,223,1255,0.17768924302788844,0.3529880478087649,0.4693227091633466
L,L,8.0,FF,1814,1475,332,3621,0.09168737917702292,0.40734603700635186,0.5009665838166253
L,L,8.0,FS,26,18,21,65,0.3230769230769231,0.27692307692307694,0.4
L,L,8.0,KC,167,143,60,370,0.16216216216216217,0.3864864864864865,0.45135135135135135
L,L,8.0,SI,1942,1386,492,3820,0.12879581151832462,0.36282722513089005,0.5083769633507853
L,L,8.0,SL,1867,1519,1020,4406,0.23150249659555153,0.3447571493418066,0.4237403540626419
L,L,8.0,ST,269,247,162,678,0.23893805309734514,0.36430678466076694,0.3967551622418879
L,L,8.0,SV,55,42,18,115,0.1565217391304348,0.3652173913043478,0.4782608695652174
L,L,9.0,CH,286,457,349,1092,0.31959706959706957,0.4184981684981685,0.2619047619047619
L,L,9.0,CU,237,269,106,612,0.17320261437908496,0.4395424836601307,0.3872549019607843
L,L,9.0,FC,133,103,46,282,0.16312056737588654,0.36524822695035464,0.4716312056737589
L,L,9.0,FF,933,711,125,1769,0.07066139061616733,0.40192198982475974,0.5274166195590729
L,L,9.0,FS,15,37,34,86,0.3953488372093023,0.43023255813953487,0.1744186046511628
L,L,9.0,KC,46,75,28,149,0.18791946308724833,0.5033557046979866,0.3087248322147651
L,L,9.0,KN,0,0,1,1,1.0,0.0,0.0
L,L,9.0,SI,1869,1833,713,4415,0.16149490373725933,0.4151755379388449,0.4233295583238958
L,L,9.0,SL,488,555,221,1264,0.17484177215189872,0.43908227848101267,0.3860759493670886
L,L,9.0,ST,88,90,36,214,0.16822429906542055,0.4205607476635514,0.411214953271028
L,L,9.0,SV,16,12,4,32,0.125,0.375,0.5
L,L,11.0,CH,24,15,6,45,0.13333333333333333,0.3333333333333333,0.5333333333333333
L,L,11.0,CU,97,78,56,231,0.24242424242424243,0.33766233766233766,0.4199134199134199
L,L,11.0,EP,3,1,0,4,0.0,0.25,0.75
L,L,11.0,FA,2,1,1,4,0.25,0.25,0.5
L,L,11.0,FC,244,239,173,656,0.26371951219512196,0.3643292682926829,0.3719512195121951
L,L,11.0,FF,879,1977,1269,4125,0.30763636363636365,0.4792727272727273,0.21309090909090908
L,L,11.0,FS,1,3,0,4,0.0,0.75,0.25
L,L,11.0,KC,15,17,9,41,0.21951219512195122,0.4146341463414634,0.36585365853658536
L,L,11.0,SI,123,221,122,466,0.26180257510729615,0.4742489270386266,0.26394849785407726
L,L,11.0,SL,304,316,282,902,0.31263858093126384,0.35033259423503327,0.3370288248337029
L,L,11.0,ST,124,97,114,335,0.3402985074626866,0.28955223880597014,0.3701492537313433
L,L,11.0,SV,9,13,7,29,0.2413793103448276,0.4482758620689655,0.3103448275862069
L,L,12.0,CH,163,313,91,567,0.16049382716049382,0.5520282186948854,0.2874779541446208
L,L,12.0,CU,62,97,35,194,0.18041237113402062,0.5,0.31958762886597936
L,L,12.0,EP,6,3,1,10,0.1,0.3,0.6
L,L,12.0,FA,2,1,1,4,0.25,0.25,0.5
L,L,12.0,FC,55,112,74,241,0.3070539419087137,0.46473029045643155,0.22821576763485477
L,L,12.0,FF,1229,2644,1807,5680,0.3181338028169014,0.46549295774647886,0.2163732394366197
L,L,12.0,FS,5,11,5,21,0.23809523809523808,0.5238095238095238,0.23809523809523808
L,L,12.0,KC,22,31,9,62,0.14516129032258066,0.5,0.3548387096774194
L,L,12.0,SC,0,1,0,1,0.0,1.0,0.0
L,L,12.0,SI,1834,2593,816,5243,0.15563608621018502,0.4945641808125119,0.34979973297730305
L,L,12.0,SL,186,282,175,643,0.27216174183514774,0.4385692068429238,0.2892690513219285
L,L,12.0,ST,26,41,18,85,0.21176470588235294,0.4823529411764706,0.3058823529411765
L,L,12.0,SV,4,4,0,8,0.0,0.5,0.5
L,L,13.0,CH,183,226,540,949,0.5690200210748156,0.23814541622760801,0.1928345626975764
L,L,13.0,CU,790,661,2098,3549,0.5911524373062834,0.18624964778810932,0.2225979149056072
L,L,13.0,EP,1,0,0,1,0.0,0.0,1.0
L,L,13.0,FA,2,0,3,5,0.6,0.0,0.4
L,L,13.0,FC,652,716,1551,2919,0.5313463514902363,0.24528948269955464,0.223364165810209
L,L,13.0,FF,622,849,552,2023,0.2728620860108749,0.41967375185368266,0.3074641621354424
L,L,13.0,FS,10,22,70,102,0.6862745098039216,0.21568627450980393,0.09803921568627451
L,L,13.0,KC,161,147,500,808,0.6188118811881188,0.18193069306930693,0.19925742574257427
L,L,13.0,KN,0,1,0,1,0.0,1.0,0.0
L,L,13.0,SC,1,0,0,1,0.0,0.0,1.0
L,L,13.0,SI,273,303,318,894,0.35570469798657717,0.3389261744966443,0.3053691275167785
L,L,13.0,SL,2237,2110,8356,12703,0.6577973706998347,0.1661024954735102,0.17610013382665513
L,L,13.0,ST,467,431,1435,2333,0.6150878696956709,0.18474067723960566,0.20017145306472353
L,L,13.0,SV,68,76,214,358,0.5977653631284916,0.2122905027932961,0.18994413407821228
L,L,14.0,CH,216,660,937,1813,0.516822945394374,0.36403750689464975,0.11913954771097628
L,L,14.0,CU,157,269,265,691,0.3835021707670043,0.38929088277858176,0.2272069464544139
L,L,14.0,FA,1,0,0,1,0.0,0.0,1.0
L,L,14.0,FC,48,54,67,169,0.39644970414201186,0.31952662721893493,0.28402366863905326
L,L,14.0,FF,475,556,144,1175,0.1225531914893617,0.47319148936170213,0.40425531914893614
L,L,14.0,FO,0,0,1,1,1.0,0.0,0.0
L,L,14.0,FS,19,63,97,179,0.5418994413407822,0.35195530726256985,0.10614525139664804
L,L,14.0,KC,21,63,77,161,0.4782608695652174,0.391304347826087,0.13043478260869565
L,L,14.0,SI,1307,2385,1605,5297,0.30300169907494806,0.4502548612422126,0.24674343968283935
L,L,14.0,SL,294,384,500,1178,0.4244482173174873,0.32597623089983024,0.2495755517826825
L,L,14.0,ST,51,68,41,160,0.25625,0.425,0.31875
L,L,14.0,SV,7,10,18,35,0.5142857142857142,0.2857142857142857,0.2
L,R,1.0,CH,2067,1622,622,4311,0.14428206912549293,0.3762468104848063,0.47947112038970074
L,R,1.0,CS,2,3,1,6,0.16666666666666666,0.5,0.3333333333333333
L,R,1.0,CU,630,558,192,1380,0.1391304347826087,0.4043478260869565,0.45652173913043476
L,R,1.0,EP,29,6,4,39,0.10256410256410256,0.15384615384615385,0.7435897435897436
L,R,1.0,FA,66,44,6,116,0.05172413793103448,0.3793103448275862,0.5689655172413793
L,R,1.0,FC,573,1114,810,2497,0.32438926712054467,0.4461353624349219,0.22947537044453345
L,R,1.0,FF,7718,16367,8727,32812,0.2659697671583567,0.49881141045958793,0.23521882238205535
L,R,1.0,FO,3,3,0,6,0.0,0.5,0.5
L,R,1.0,FS,393,322,113,828,0.13647342995169082,0.3888888888888889,0.4746376811594203
L,R,1.0,KC,256,207,59,522,0.11302681992337164,0.39655172413793105,0.4904214559386973
L,R,1.0,KN,26,29,8,63,0.12698412698412698,0.4603174603174603,0.4126984126984127
L,R,1.0,SC,3,1,0,4,0.0,0.25,0.75
L,R,1.0,SI,2676,3944,1675,8295,0.20192887281494876,0.4754671488848704,0.32260397830018084
L,R,1.0,SL,690,1062,856,2608,0.3282208588957055,0.4072085889570552,0.2645705521472393
L,R,1.0,ST,103,140,90,333,0.2702702702702703,0.42042042042042044,0.30930930930930933
L,R,1.0,SV,19,25,11,55,0.2,0.45454545454545453,0.34545454545454546
L,R,2.0,CH,1054,888,274,2216,0.12364620938628158,0.4007220216606498,0.4756317689530686
L,R,2.0,CS,2,3,2,7,0.2857142857142857,0.42857142857142855,0.2857142857142857
L,R,2.0,CU,773,634,173,1580,0.10949367088607595,0.4012658227848101,0.4892405063291139
L,R,2.0,EP,21,7,0,28,0.0,0.25,0.75
L,R,2.0,FA,54,31,6,91,0.06593406593406594,0.34065934065934067,0.5934065934065934
L,R,2.0,FC,1956,2821,1362,6139,0.2218602378237498,0.45952109464082097,0.3186186675354292
L,R,2.0,FF,13512,21428,8833,43773,0.2017910584150047,0.48952550659082084,0.3086834349941745
L,R,2.0,FO,0,2,0,2,0.0,1.0,0.0
L,R,2.0,FS,229,188,55,472,0.11652542372881355,0.3983050847457627,0.4851694915254237
L,R,2.0,KC,277,235,50,562,0.08896797153024912,0.4181494661921708,0.4928825622775801
L,R,2.0,KN,32,31,17,80,0.2125,0.3875,0.4
L,R,2.0,SC,0,4,0,4,0.0,1.0,0.0
L,R,2.0,SI,2898,3537,1105,7540,0.14655172413793102,0.4690981432360743,0.3843501326259947
L,R,2.0,SL,1350,1774,878,4002,0.2193903048475762,0.4432783608195902,0.3373313343328336
L,R,2.0,ST,182,211,68,461,0.1475054229934924,0.45770065075921906,0.3947939262472885
L,R,2.0,SV,19,33,9,61,0.14754098360655737,0.5409836065573771,0.3114754098360656
L,R,3.0,CH,134,149,38,321,0.11838006230529595,0.46417445482866043,0.4174454828660436
L,R,3.0,CS,1,1,0,2,0.0,0.5,0.5
L,R,3.0,CU,266,233,47,546,0.08608058608058608,0.4267399267399267,0.48717948717948717
L,R,3.0,EP,14,6,1,21,0.047619047619047616,0.2857142857142857,0.6666666666666666
L,R,3.0,FA,33,21,1,55,0.01818181818181818,0.38181818181818183,0.6
L,R,3.0,FC,2398,2731,752,5881,0.12786940996429177,0.46437680666553305,0.40775378337017515
L,R,3.0,FF,9478,13074,3936,26488,0.14859559045605558,0.4935819993959529,0.35782241014799154
L,R,3.0,FS,45,58,13,116,0.11206896551724138,0.5,0.3879310344827586
L,R,3.0,KC,117,85,19,221,0.08597285067873303,0.38461538461538464,0.5294117647058824
L,R,3.0,KN,20,18,10,48,0.20833333333333334,0.375,0.4166666666666667
L,R,3.0,SI,1228,1379,305,2912,0.10473901098901099,0.4735576923076923,0.4217032967032967
L,R,3.0,SL,922,1237,349,2508,0.13915470494417864,0.4932216905901116,0.36762360446570974
L,R,3.0,ST,123,157,35,315,0.1111111111111111,0.4984126984126984,0.3904761904761905
L,R,3.0,SV,11,10,3,24,0.125,0.4166666666666667,0.4583333333333333
L,R,4.0,CH,8629,5198,2393,16220,0.1475339087546239,0.32046855733662144,0.5319975339087546
L,R,4.0,CS,4,0,3,7,0.42857142857142855,0.0,0.5714285714285714
L,R,4.0,CU,2612,1646,433,4691,0.09230441270518014,0.35088467277765933,0.5568109145171605
L,R,4.0,EP,19,9,1,29,0.034482758620689655,0.3103448275862069,0.6551724137931034
L,R,4.0,FA,57,32,4,93,0.043010752688172046,0.34408602150537637,0.6129032258064516
L,R,4.0,FC,1484,1491,506,3481,0.1453605285837403,0.428325193909796,0.42631427750646367
L,R,4.0,FF,10709,16202,5326,32237,0.16521388466668735,0.502590191394981,0.33219592393833175
L,R,4.0,FO,18,6,4,28,0.14285714285714285,0.21428571428571427,0.6428571428571429
L,R,4.0,FS,1767,989,419,3175,0.13196850393700787,0.311496062992126,0.5565354330708662
L,R,4.0,KC,888,548,126,1562,0.08066581306017925,0.3508322663252241,0.5685019206145967
L,R,4.0,KN,55,34,11,100,0.11,0.34,0.55
L,R,4.0,SC,4,7,1,12,0.08333333333333333,0.5833333333333334,0.3333333333333333
L,R,4.0,SI,7850,7694,1857,17401,0.10671800471237285,0.44215849663812423,0.4511234986495029
L,R,4.0,SL,2961,2774,994,6729,0.1477188289493238,0.41224550453262,0.4400356665180562
L,R,4.0,ST,420,381,123,924,0.1331168831168831,0.41233766233766234,0.45454545454545453
L,R,4.0,SV,74,57,19,150,0.12666666666666668,0.38,0.49333333333333335
L,R,5.0,CH,4769,3541,1472,9782,0.15048047434062564,0.3619914127990186,0.48752811286035574
L,R,5.0,CS,8,4,0,12,0.0,0.3333333333333333,0.6666666666666666
L,R,5.0,CU,3343,2155,523,6021,0.08686264740076399,0.3579139677794386,0.5552233848197974
L,R,5.0,EP,22,9,3,34,0.08823529411764706,0.2647058823529412,0.6470588235294118
L,R,5.0,FA,64,33,5,102,0.049019607843137254,0.3235294117647059,0.6274509803921569
L,R,5.0,FC,3885,3213,710,7808,0.09093237704918032,0.4115010245901639,0.49756659836065575
L,R,5.0,FF,18417,21080,5069,44566,0.11374141722389265,0.47300632769375756,0.41325225508234975
L,R,5.0,FO,5,11,5,21,0.23809523809523808,0.5238095238095238,0.23809523809523808
L,R,5.0,FS,1042,793,281,2116,0.1327977315689981,0.3747637051039698,0.4924385633270321
L,R,5.0,KC,1215,786,188,2189,0.0858839652809502,0.3590680676107812,0.5550479671082686
L,R,5.0,KN,54,50,21,125,0.168,0.4,0.432
L,R,5.0,SC,5,1,1,7,0.14285714285714285,0.14285714285714285,0.7142857142857143
L,R,5.0,SI,7933,6087,1024,15044,0.06806700345652753,0.4046131348045732,0.5273198617388992
L,R,5.0,SL,5316,4744,1252,11312,0.11067892503536068,0.41937765205091937,0.46994342291371993
L,R,5.0,ST,826,664,145,1635,0.08868501529051988,0.40611620795107034,0.5051987767584097
L,R,5.0,SV,113,77,18,208,0.08653846153846154,0.3701923076923077,0.5432692307692307
L,R,6.0,CH,757,945,261,1963,0.13295975547631178,0.4814060112073357,0.38563423331635255
L,R,6.0,CS,1,6,0,7,0.0,0.8571428571428571,0.14285714285714285
L,R,6.0,CU,1192,1515,300,3007,0.09976720984369804,0.5038244097106751,0.3964083804456269
L,R,6.0,EP,12,9,3,24,0.125,0.375,0.5
L,R,6.0,FA,32,37,2,71,0.028169014084507043,0.5211267605633803,0.4507042253521127
L,R,6.0,FC,4268,4259,614,9141,0.06716989388469533,0.4659227655617547,0.46690734055354993
L,R,6.0,FF,13998,13133,2259,29390,0.07686287853011228,0.44685267097652265,0.4762844504933651
L,R,6.0,FO,1,4,0,5,0.0,0.8,0.2
L,R,6.0,FS,199,263,73,535,0.13644859813084112,0.491588785046729,0.3719626168224299
L,R,6.0,KC,445,499,114,1058,0.10775047258979206,0.4716446124763705,0.42060491493383745
L,R,6.0,KN,42,45,7,94,0.07446808510638298,0.4787234042553192,0.44680851063829785
L,R,6.0,SI,3335,2472,288,6095,0.04725184577522559,0.4055783429040197,0.5471698113207547
L,R,6.0,SL,3320,4293,880,8493,0.10361474155186624,0.5054750971388202,0.39091016130931355
L,R,6.0,ST,426,652,113,1191,0.0948782535684299,0.5474391267842149,0.35768261964735515
L,R,6.0,SV,59,77,8,144,0.05555555555555555,0.5347222222222222,0.4097222222222222
L,R,7.0,CH,10255,6196,5366,21817,0.24595498922858322,0.28399871659714904,0.4700462941742678
L,R,7.0,CS,5,5,5,15,0.3333333333333333,0.3333333333333333,0.3333333333333333
L,R,7.0,CU,2679,1579,867,5125,0.16917073170731708,0.30809756097560975,0.5227317073170732
L,R,7.0,EP,14,9,9,32,0.28125,0.28125,0.4375
L,R,7.0,FA,21,16,2,39,0.05128205128205128,0.41025641025641024,0.5384615384615384
L,R,7.0,FC,889,568,185,1642,0.11266747868453106,0.3459196102314251,0.5414129110840439
L,R,7.0,FF,4369,4368,952,9689,0.09825575394777583,0.4508205181133244,0.4509237279388998
L,R,7.0,FO,12,12,13,37,0.35135135135135137,0.32432432432432434,0.32432432432432434
L,R,7.0,FS,2159,1390,1103,4652,0.23710232158211522,0.29879621668099743,0.4641014617368874
L,R,7.0,KC,954,582,272,1808,0.1504424778761062,0.3219026548672566,0.5276548672566371
L,R,7.0,KN,33,8,5,46,0.10869565217391304,0.17391304347826086,0.717391304347826
L,R,7.0,SC,3,6,0,9,0.0,0.6666666666666666,0.3333333333333333
L,R,7.0,SI,6273,4318,960,11551,0.08310968747294606,0.37382044844602197,0.543069864081032
L,R,7.0,SL,2985,2057,954,5996,0.1591060707138092,0.3430620413609073,0.49783188792528354
L,R,7.0,ST,375,275,121,771,0.1569390402075227,0.35667963683527887,0.48638132295719844
L,R,7.0,SV,67,39,13,119,0.1092436974789916,0.3277310924369748,0.5630252100840336
L,R,8.0,CH,7071,5774,4321,17166,0.2517185133403239,0.3363625771874636,0.4119189094722125
L,R,8.0,CS,6,9,3,18,0.16666666666666666,0.5,0.3333333333333333
L,R,8.0,CU,3760,3430,1712,8902,0.19231633340822288,0.3853066726578297,0.42237699393394745
L,R,8.0,EP,18,5,3,26,0.11538461538461539,0.19230769230769232,0.6923076923076923
L,R,8.0,FA,34,10,3,47,0.06382978723404255,0.2127659574468085,0.723404255319149
L,R,8.0,FC,2220,1618,520,4358,0.11932078935291418,0.37127122533272144,0.5094079853143644
L,R,8.0,FF,8662,6905,1196,16763,0.07134761080952097,0.41191910755831296,0.516733281632166
L,R,8.0,FO,12,11,11,34,0.3235294117647059,0.3235294117647059,0.35294117647058826
L,R,8.0,FS,1550,1383,1065,3998,0.2663831915957979,0.34592296148074037,0.3876938469234617
L,R,8.0,KC,1361,1328,675,3364,0.20065398335315102,0.3947681331747919,0.4045778834720571
L,R,8.0,KN,41,35,14,90,0.15555555555555556,0.3888888888888889,0.45555555555555555
L,R,8.0,SC,3,1,1,5,0.2,0.2,0.6
L,R,8.0,SI,6566,3939,680,11185,0.06079570853822083,0.35216808225301743,0.5870362092087618
L,R,8.0,SL,5847,5039,2375,13261,0.1790965990498454,0.3799864263630194,0.4409169745871352
L,R,8.0,ST,800,682,296,1778,0.16647919010123735,0.38357705286839144,0.4499437570303712
L,R,8.0,SV,137,104,47,288,0.16319444444444445,0.3611111111111111,0.4756944444444444
L,R,9.0,CH,1396,2001,1151,4548,0.2530782761653474,0.4399736147757256,0.306948109058927
L,R,9.0,CS,4,5,5,14,0.35714285714285715,0.35714285714285715,0.2857142857142857
L,R,9.0,CU,1382,2983,1722,6087,0.2828979793001479,0.49006078528010516,0.227041235419747
L,R,9.0,EP,8,6,1,15,0.06666666666666667,0.4,0.5333333333333333
L,R,9.0,FA,19,16,0,35,0.0,0.45714285714285713,0.5428571428571428
L,R,9.0,FC,1816,2653,946,5415,0.1746999076638966,0.4899353647276085,0.3353647276084949
L,R,9.0,FF,5760,4846,673,11279,0.059668410320063835,0.4296480184413512,0.510683571238585
L,R,9.0,FO,1,7,3,11,0.2727272727272727,0.6363636363636364,0.09090909090909091
L,R,9.0,FS,337,613,413,1363,0.30300807043286865,0.44974321349963314,0.24724871606749815
L,R,9.0,KC,505,1140,745,2390,0.3117154811715481,0.4769874476987448,0.2112970711297071
L,R,9.0,KN,25,29,21,75,0.28,0.38666666666666666,0.3333333333333333
L,R,9.0,SC,1,1,1,3,0.3333333333333333,0.3333333333333333,0.3333333333333333
L,R,9.0,SI,2137,1636,290,4063,0.07137583066699484,0.4026581343834605,0.5259660349495446
L,R,9.0,SL,3225,5907,3341,12473,0.2678585745209653,0.47358293914856087,0.25855848633047385
L,R,9.0,ST,465,918,458,1841,0.2487778381314503,0.4986420423682781,0.2525801195002716
L,R,9.0,SV,76,155,72,303,0.2376237623762376,0.5115511551155115,0.2508250825082508
L,R,11.0,CH,3381,2854,1433,7668,0.18688054251434533,0.37219613980177363,0.44092331768388104
L,R,11.0,CS,6,1,0,7,0.0,0.14285714285714285,0.8571428571428571
L,R,11.0,CU,517,528,168,1213,0.13849958779884583,0.43528441879637264,0.42621599340478156
L,R,11.0,EP,60,24,2,86,0.023255813953488372,0.27906976744186046,0.6976744186046512
L,R,11.0,FA,58,51,11,120,0.09166666666666666,0.425,0.48333333333333334
L,R,11.0,FC,304,810,899,2013,0.4465971187282663,0.40238450074515647,0.15101838052657726
L,R,11.0,FF,5939,15164,11710,32813,0.356870752445677,0.46213391034041384,0.18099533721390912
L,R,11.0,FO,9,2,3,14,0.21428571428571427,0.14285714285714285,0.6428571428571429
L,R,11.0,FS,543,534,285,1362,0.2092511013215859,0.3920704845814978,0.3986784140969163
L,R,11.0,KC,148,163,65,376,0.17287234042553193,0.43351063829787234,0.39361702127659576
L,R,11.0,KN,20,28,9,57,0.15789473684210525,0.49122807017543857,0.3508771929824561
L,R,11.0,SC,0,1,0,1,0.0,1.0,0.0
L,R,11.0,SI,2489,4433,2488,9410,0.26439957492029753,0.47109458023379386,0.2645058448459086
L,R,11.0,SL,441,769,705,1915,0.3681462140992167,0.40156657963446474,0.23028720626631854
L,R,11.0,ST,67,83,70,220,0.3181818181818182,0.37727272727272726,0.30454545454545456
L,R,11.0,SV,7,9,9,25,0.36,0.36,0.28
L,R,12.0,CH,53,77,21,151,0.1390728476821192,0.5099337748344371,0.3509933774834437
L,R,12.0,CS,2,2,1,5,0.2,0.4,0.4
L,R,12.0,CU,91,208,52,351,0.14814814814814814,0.5925925925925926,0.25925925925925924
L,R,12.0,EP,17,9,0,26,0.0,0.34615384615384615,0.6538461538461539
L,R,12.0,FA,22,18,7,47,0.14893617021276595,0.3829787234042553,0.46808510638297873
L,R,12.0,FC,1579,3343,1241,6163,0.2013629725782898,0.5424306344312835,0.25620639299042675
L,R,12.0,FF,6236,12252,6208,24696,0.2513767411726595,0.49611273080660834,0.2525105280207321
L,R,12.0,FO,0,1,0,1,0.0,1.0,0.0
L,R,12.0,FS,19,32,19,70,0.2714285714285714,0.45714285714285713,0.2714285714285714
L,R,12.0,KC,32,72,18,122,0.14754098360655737,0.5901639344262295,0.26229508196721313
L,R,12.0,KN,20,28,11,59,0.1864406779661017,0.4745762711864407,0.3389830508474576
L,R,12.0,SC,0,1,0,1,0.0,1.0,0.0
L,R,12.0,SI,537,764,308,1609,0.19142324425108764,0.4748290863890615,0.33374766935985084
L,R,12.0,SL,556,1272,427,2255,0.1893569844789357,0.564079822616408,0.2465631929046563
L,R,12.0,ST,54,184,47,285,0.1649122807017544,0.6456140350877193,0.18947368421052632
L,R,12.0,SV,6,15,7,28,0.25,0.5357142857142857,0.21428571428571427
L,R,13.0,CH,12422,9385,14896,36703,0.40585238263902135,0.25570116884178407,0.33844644851919464
L,R,13.0,CS,5,7,9,21,0.42857142857142855,0.3333333333333333,0.23809523809523808
L,R,13.0,CU,2340,1959,2938,7237,0.4059693243056515,0.2706922758048915,0.32333839988945695
L,R,13.0,EP,22,7,10,39,0.2564102564102564,0.1794871794871795,0.5641025641025641
L,R,13.0,FA,20,9,1,30,0.03333333333333333,0.3,0.6666666666666666
L,R,13.0,FC,435,408,359,1202,0.29866888519134777,0.33943427620632277,0.36189683860232946
L,R,13.0,FF,2231,2757,1126,6114,0.18416748446189074,0.45093228655544654,0.3649002289826627
L,R,13.0,FO,21,14,57,92,0.6195652173913043,0.15217391304347827,0.22826086956521738
L,R,13.0,FS,2632,2149,3959,8740,0.452974828375286,0.24588100686498857,0.3011441647597254
L,R,13.0,KC,774,713,1163,2650,0.43886792452830187,0.2690566037735849,0.2920754716981132
L,R,13.0,KN,27,39,18,84,0.21428571428571427,0.4642857142857143,0.32142857142857145
L,R,13.0,SC,1,0,2,3,0.6666666666666666,0.0,0.3333333333333333
L,R,13.0,SI,4818,4784,2528,12130,0.2084089035449299,0.39439406430338003,0.39719703215169
L,R,13.0,SL,2051,1965,2841,6857,0.41432113169024354,0.28656847017646203,0.29911039813329443
L,R,13.0,ST,239,229,191,659,0.2898330804248862,0.34749620637329287,0.3626707132018209
L,R,13.0,SV,27,35,28,90,0.3111111111111111,0.3888888888888889,0.3
L,R,14.0,CH,1651,2612,4465,8728,0.5115719523373052,0.2992667277726856,0.18916131989000917
L,R,14.0,CS,4,9,13,26,0.5,0.34615384615384615,0.15384615384615385
L,R,14.0,CU,1285,3942,8445,13672,0.6176857811585723,0.28832650672908133,0.0939877121123464
L,R,14.0,EP,8,13,12,33,0.36363636363636365,0.3939393939393939,0.24242424242424243
L,R,14.0,FA,12,12,5,29,0.1724137931034483,0.41379310344827586,0.41379310344827586
L,R,14.0,FC,1237,3949,4088,9274,0.44080224282941555,0.42581410394651714,0.13338365322406728
L,R,14.0,FF,2938,3985,1213,8136,0.14909046214355948,0.4897984267453294,0.3611111111111111
L,R,14.0,FO,8,16,27,51,0.5294117647058824,0.3137254901960784,0.1568627450980392
L,R,14.0,FS,417,926,2215,3558,0.6225407532321529,0.26025857223159077,0.11720067453625632
L,R,14.0,KC,427,1530,4231,6188,0.6837427278603749,0.24725274725274726,0.06900452488687783
L,R,14.0,KN,21,22,17,60,0.2833333333333333,0.36666666666666664,0.35
L,R,14.0,SC,0,4,7,11,0.6363636363636364,0.36363636363636365,0.0
L,R,14.0,SI,1044,1152,579,2775,0.20864864864864865,0.4151351351351351,0.3762162162162162
L,R,14.0,SL,2321,7273,15908,25502,0.6237942122186495,0.2851933181711238,0.09101246961022665
L,R,14.0,ST,312,1128,1917,3357,0.5710455764075067,0.3360142984807864,0.09294012511170688
L,R,14.0,SV,49,179,380,608,0.625,0.2944078947368421,0.0805921052631579
R,L,1.0,CH,104,101,27,232,0.11637931034482758,0.4353448275862069,0.4482758620689655
R,L,1.0,CU,237,191,25,453,0.05518763796909492,0.4216335540838852,0.5231788079470199
R,L,1.0,EP,2,1,0,3,0.0,0.3333333333333333,0.6666666666666666
R,L,1.0,FA,2,3,1,6,0.16666666666666666,0.5,0.3333333333333333
R,L,1.0,FC,1339,1466,413,3218,0.12834058421379738,0.4555624611559975,0.4160969546302051
R,L,1.0,FF,6179,8213,2471,16863,0.14653383146533833,0.4870426377275692,0.36642353080709245
R,L,1.0,FO,0,1,0,1,0.0,1.0,0.0
R,L,1.0,FS,4,4,1,9,0.1111111111111111,0.4444444444444444,0.4444444444444444
R,L,1.0,KC,52,41,9,102,0.08823529411764706,0.4019607843137255,0.5098039215686274
R,L,1.0,KN,2,0,1,3,0.3333333333333333,0.0,0.6666666666666666
R,L,1.0,SI,1067,1455,441,2963,0.14883563955450557,0.49105636179547757,0.36010799865001686
R,L,1.0,SL,585,660,202,1447,0.13959917069799585,0.4561161022805805,0.40428472702142365
R,L,1.0,ST,78,93,20,191,0.10471204188481675,0.4869109947643979,0.4083769633507853
R,L,1.0,SV,25,27,9,61,0.14754098360655737,0.4426229508196721,0.4098360655737705
R,L,2.0,CH,691,601,181,1473,0.12287847929395791,0.40801086218601496,0.46911065852002715
R,L,2.0,CS,1,0,0,1,0.0,0.0,1.0
R,L,2.0,CU,542,393,86,1021,0.0842311459353575,0.38491674828599415,0.5308521057786484
R,L,2.0,EP,2,1,0,3,0.0,0.3333333333333333,0.6666666666666666
R,L,2.0,FA,6,2,0,8,0.0,0.25,0.75
R,L,2.0,FC,1005,1335,694,3034,0.22874093605800924,0.44001318391562294,0.33124588002636784
R,L,2.0,FF,7277,11862,5038,24177,0.20837986516110352,0.49063159200893414,0.30098854282996235
R,L,2.0,FO,0,1,0,1,0.0,1.0,0.0
R,L,2.0,FS,19,25,6,50,0.12,0.5,0.38
R,L,2.0,KC,128,124,38,290,0.1310344827586207,0.42758620689655175,0.4413793103448276
R,L,2.0,KN,0,1,0,1,0.0,1.0,0.0
R,L,2.0,SI,2136,2804,1002,5942,0.1686300908784921,0.47189498485358466,0.35947492426792327
R,L,2.0,SL,745,910,475,2130,0.22300469483568075,0.4272300469483568,0.34976525821596244
R,L,2.0,ST,118,120,57,295,0.19322033898305085,0.4067796610169492,0.4
R,L,2.0,SV,22,30,22,74,0.2972972972972973,0.40540540540540543,0.2972972972972973
R,L,3.0,CH,1494,1119,443,3056,0.14496073298429318,0.3661649214659686,0.48887434554973824
R,L,3.0,CS,1,1,0,2,0.0,0.5,0.5
R,L,3.0,CU,400,303,108,811,0.13316892725030827,0.37361282367447596,0.4932182490752158
R,L,3.0,EP,3,3,0,6,0.0,0.5,0.5
R,L,3.0,FA,3,2,2,7,0.2857142857142857,0.2857142857142857,0.42857142857142855
R,L,3.0,FC,266,525,444,1235,0.3595141700404858,0.4251012145748988,0.2153846153846154
R,L,3.0,FF,3644,7856,4256,15756,0.2701193196242701,0.4986037065244986,0.23127697385123128
R,L,3.0,FO,0,2,0,2,0.0,1.0,0.0
R,L,3.0,FS,33,41,16,90,0.17777777777777778,0.45555555555555555,0.36666666666666664
R,L,3.0,KC,109,92,35,236,0.1483050847457627,0.3898305084745763,0.461864406779661
R,L,3.0,KN,1,1,1,3,0.3333333333333333,0.3333333333333333,0.3333333333333333
R,L,3.0,SC,1,1,0,2,0.0,0.5,0.5
R,L,3.0,SI,1799,2811,1316,5926,0.2220722240971988,0.47435032062099225,0.30357745528180896
R,L,3.0,SL,355,538,404,1297,0.31148804934464147,0.41480339244410175,0.2737085582112567
R,L,3.0,ST,49,89,57,195,0.2923076923076923,0.4564102564102564,0.2512820512820513
R,L,3.0,SV,6,16,6,28,0.21428571428571427,0.5714285714285714,0.21428571428571427
R,L,4.0,CH,614,654,224,1492,0.15013404825737264,0.4383378016085791,0.41152815013404825
R,L,4.0,CS,3,0,0,3,0.0,0.0,1.0
R,L,4.0,CU,816,957,179,1952,0.09170081967213115,0.49026639344262296,0.4180327868852459
R,L,4.0,EP,2,0,0,2,0.0,0.0,1.0
R,L,4.0,FA,2,0,0,2,0.0,0.0,1.0
R,L,4.0,FC,2728,2514,362,5604,0.06459671663097788,0.4486081370449679,0.48679514632405424
R,L,4.0,FF,9234,8444,1362,19040,0.07153361344537815,0.44348739495798317,0.48497899159663865
R,L,4.0,FO,1,0,0,1,0.0,0.0,1.0
R,L,4.0,FS,15,31,16,62,0.25806451612903225,0.5,0.24193548387096775
R,L,4.0,KC,247,232,46,525,0.08761904761904762,0.4419047619047619,0.4704761904761905
R,L,4.0,KN,3,3,1,7,0.14285714285714285,0.42857142857142855,0.42857142857142855
R,L,4.0,SI,2772,2131,316,5219,0.06054799770070895,0.40831576930446445,0.5311362329948266
R,L,4.0,SL,2321,2604,598,5523,0.10827448850262539,0.4714828897338403,0.42024262176353433
R,L,4.0,ST,315,369,77,761,0.1011826544021025,0.48488830486202367,0.41392904073587383
R,L,4.0,SV,83,102,10,195,0.05128205128205128,0.5230769230769231,0.4256410256410256
R,L,5.0,CH,3310,2356,1071,6737,0.1589728365741428,0.34971055365889864,0.49131660976695857
R,L,5.0,CS,1,2,0,3,0.0,0.6666666666666666,0.3333333333333333
R,L,5.0,CU,1967,1222,306,3495,0.08755364806866953,0.3496423462088698,0.5628040057224607
R,L,5.0,EP,2,2,0,4,0.0,0.5,0.5
R,L,5.0,FA,6,6,0,12,0.0,0.5,0.5
R,L,5.0,FC,2214,1817,431,4462,0.0965934558493949,0.4072164948453608,0.4961900493052443
R,L,5.0,FF,9824,11246,2749,23819,0.1154120659977329,0.47214408665351193,0.4124438473487552
R,L,5.0,FO,2,0,0,2,0.0,0.0,1.0
R,L,5.0,FS,105,79,31,215,0.14418604651162792,0.3674418604651163,0.4883720930232558
R,L,5.0,KC,563,353,62,978,0.06339468302658487,0.3609406952965235,0.5756646216768916
R,L,5.0,KN,3,2,0,5,0.0,0.4,0.6
R,L,5.0,SC,1,3,0,4,0.0,0.75,0.25
R,L,5.0,SI,5696,4324,853,10873,0.07845120941782396,0.39768233238296696,0.5238664581992091
R,L,5.0,SL,3222,2544,698,6464,0.10798267326732673,0.3935643564356436,0.49845297029702973
R,L,5.0,ST,429,346,99,874,0.11327231121281464,0.39588100686498856,0.49084668192219677
R,L,5.0,SV,108,68,8,184,0.043478260869565216,0.3695652173913043,0.5869565217391305
R,L,6.0,CH,6258,3550,2000,11808,0.16937669376693767,0.30064363143631434,0.529979674796748
R,L,6.0,CS,2,0,1,3,0.3333333333333333,0.0,0.6666666666666666
R,L,6.0,CU,1410,827,249,2486,0.1001609010458568,0.33266291230893,0.5671761866452132
R,L,6.0,EP,1,1,0,2,0.0,0.5,0.5
R,L,6.0,FA,1,1,3,5,0.6,0.2,0.2
R,L,6.0,FC,848,959,331,2138,0.15481758652946678,0.44855004677268473,0.39663236669784846
R,L,6.0,FF,5100,7902,2663,15665,0.16999680817108204,0.5044366421959783,0.3255665496329397
R,L,6.0,FO,2,3,0,5,0.0,0.6,0.4
R,L,6.0,FS,149,90,53,292,0.1815068493150685,0.3082191780821918,0.5102739726027398
R,L,6.0,KC,402,218,75,695,0.1079136690647482,0.31366906474820144,0.5784172661870504
R,L,6.0,KN,1,3,2,6,0.3333333333333333,0.5,0.16666666666666666
R,L,6.0,SC,2,1,2,5,0.4,0.2,0.4
R,L,6.0,SI,5493,5025,1231,11749,0.10477487445740064,0.4276959741254575,0.4675291514171419
R,L,6.0,SL,1417,1361,504,3282,0.15356489945155394,0.4146861669713589,0.43174893357708716
R,L,6.0,ST,209,208,73,490,0.1489795918367347,0.42448979591836733,0.42653061224489797
R,L,6.0,SV,35,22,7,64,0.109375,0.34375,0.546875
R,L,7.0,CH,929,1254,868,3051,0.28449688626679775,0.4110127826941986,0.3044903310390036
R,L,7.0,CS,1,6,1,8,0.125,0.75,0.125
R,L,7.0,CU,891,1885,966,3742,0.2581507215392838,0.5037413148049171,0.23810796365579903
R,L,7.0,FA,4,0,0,4,0.0,0.0,1.0
R,L,7.0,FC,1395,1875,731,4001,0.18270432391902025,0.4686328417895526,0.34866283429142714
R,L,7.0,FF,3500,2743,435,6678,0.0651392632524708,0.4107517220724768,0.5241090146750524
R,L,7.0,FS,38,67,47,152,0.3092105263157895,0.4407894736842105,0.25
R,L,7.0,KC,242,452,251,945,0.2656084656084656,0.4783068783068783,0.2560846560846561
R,L,7.0,KN,1,2,2,5,0.4,0.4,0.2
R,L,7.0,SI,1620,1249,233,3102,0.07511283043197937,0.4026434558349452,0.5222437137330754
R,L,7.0,SL,2336,3827,2303,8466,0.2720292936451689,0.4520434679896055,0.2759272383652256
R,L,7.0,ST,306,487,279,1072,0.26026119402985076,0.4542910447761194,0.28544776119402987
R,L,7.0,SV,66,106,42,214,0.19626168224299065,0.4953271028037383,0.308411214953271
R,L,8.0,CH,4822,3542,3088,11452,0.2696472231924555,0.3092909535452323,0.4210618232623123
R,L,8.0,CS,2,1,1,4,0.25,0.25,0.5
R,L,8.0,CU,2043,1847,973,4863,0.20008225375282748,0.37980670368085545,0.4201110425663171
R,L,8.0,EP,3,0,0,3,0.0,0.0,1.0
R,L,8.0,FA,3,1,0,4,0.0,0.25,0.75
R,L,8.0,FC,1530,1073,335,2938,0.11402314499659633,0.365214431586113,0.5207624234172906
R,L,8.0,FF,4271,3478,619,8368,0.07397227533460803,0.41563097514340347,0.5103967495219885
R,L,8.0,FO,1,1,2,4,0.5,0.25,0.25
R,L,8.0,FS,127,127,113,367,0.3079019073569482,0.3460490463215259,0.3460490463215259
R,L,8.0,KC,599,438,286,1323,0.2161753590325019,0.3310657596371882,0.4527588813303099
R,L,8.0,KN,1,3,5,9,0.5555555555555556,0.3333333333333333,0.1111111111111111
R,L,8.0,SC,1,3,0,4,0.0,0.75,0.25
R,L,8.0,SI,4403,2618,494,7515,0.06573519627411843,0.3483699268130406,0.585894876912841
R,L,8.0,SL,3456,2889,1493,7838,0.19048226588415412,0.36858892574636387,0.440928808369482
R,L,8.0,ST,490,364,190,1044,0.18199233716475097,0.3486590038314176,0.46934865900383144
R,L,8.0,SV,81,73,15,169,0.08875739644970414,0.4319526627218935,0.47928994082840237
R,L,9.0,CH,7252,4065,4211,15528,0.27118753219989694,0.26178516228748067,0.46702730551262234
R,L,9.0,CS,4,1,2,7,0.2857142857142857,0.14285714285714285,0.5714285714285714
R,L,9.0,CU,1472,799,510,2781,0.18338727076591155,0.2873067241999281,0.5293060050341604
R,L,9.0,EP,3,0,0,3,0.0,0.0,1.0
R,L,9.0,FA,4,0,1,5,0.2,0.0,0.8
R,L,9.0,FC,639,437,116,1192,0.09731543624161074,0.36661073825503354,0.5360738255033557
R,L,9.0,FF,2111,2147,508,4766,0.10658833403273185,0.45048258497691984,0.4429290809903483
R,L,9.0,FO,2,0,0,2,0.0,0.0,1.0
R,L,9.0,FS,201,106,116,423,0.27423167848699764,0.25059101654846333,0.475177304964539
R,L,9.0,KC,383,194,121,698,0.17335243553008595,0.27793696275071633,0.5487106017191977
R,L,9.0,KN,3,1,4,8,0.5,0.125,0.375
R,L,9.0,SC,2,1,0,3,0.0,0.3333333333333333,0.6666666666666666
R,L,9.0,SI,4165,2841,673,7679,0.0876416200026045,0.3699700481833572,0.5423883318140383
R,L,9.0,SL,1561,1019,539,3119,0.17281179865341456,0.3267072779737095,0.500480923372876
R,L,9.0,ST,247,130,60,437,0.13729977116704806,0.2974828375286041,0.5652173913043478
R,L,9.0,SV,30,20,7,57,0.12280701754385964,0.3508771929824561,0.5263157894736842
R,L,11.0,CH,36,50,18,104,0.17307692307692307,0.4807692307692308,0.34615384615384615
R,L,11.0,CS,2,0,0,2,0.0,0.0,1.0
R,L,11.0,CU,88,162,45,295,0.15254237288135594,0.5491525423728814,0.2983050847457627
R,L,11.0,EP,4,0,0,4,0.0,0.0,1.0
R,L,11.0,FA,1,2,2,5,0.4,0.4,0.2
R,L,11.0,FC,1089,1876,576,3541,0.16266591358373342,0.5297938435470206,0.30754024286924597
R,L,11.0,FF,4102,7457,3961,15520,0.25521907216494844,0.48047680412371135,0.2643041237113402
R,L,11.0,FO,1,0,0,1,0.0,0.0,1.0
R,L,11.0,FS,2,3,0,5,0.0,0.6,0.4
R,L,11.0,KC,23,36,11,70,0.15714285714285714,0.5142857142857142,0.32857142857142857
R,L,11.0,KN,1,1,1,3,0.3333333333333333,0.3333333333333333,0.3333333333333333
R,L,11.0,SC,1,0,0,1,0.0,0.0,1.0
R,L,11.0,SI,545,855,405,1805,0.22437673130193905,0.47368421052631576,0.30193905817174516
R,L,11.0,SL,329,723,243,1295,0.18764478764478765,0.5583011583011583,0.25405405405405407
R,L,11.0,ST,54,128,37,219,0.1689497716894977,0.5844748858447488,0.2465753424657534
R,L,11.0,SV,12,22,6,40,0.15,0.55,0.3
R,L,12.0,CH,2801,2352,1476,6629,0.22265801780057323,0.35480464625131997,0.42253733594810683
R,L,12.0,CS,1,0,0,1,0.0,0.0,1.0
R,L,12.0,CU,283,257,106,646,0.16408668730650156,0.3978328173374613,0.43808049535603716
R,L,12.0,EP,11,3,0,14,0.0,0.21428571428571427,0.7857142857142857
R,L,12.0,FA,7,5,0,12,0.0,0.4166666666666667,0.5833333333333334
R,L,12.0,FC,170,428,490,1088,0.45036764705882354,0.39338235294117646,0.15625
R,L,12.0,FF,2956,7563,6624,17143,0.3863967800268331,0.44117132357230354,0.17243189640086332
R,L,12.0,FO,0,2,1,3,0.3333333333333333,0.6666666666666666,0.0
R,L,12.0,FS,59,38,34,131,0.2595419847328244,0.2900763358778626,0.45038167938931295
R,L,12.0,KC,60,84,31,175,0.17714285714285713,0.48,0.34285714285714286
R,L,12.0,KN,0,2,1,3,0.3333333333333333,0.6666666666666666,0.0
R,L,12.0,SC,1,4,0,5,0.0,0.8,0.2
R,L,12.0,SI,1773,3189,2042,7004,0.29154768703597944,0.4553112507138778,0.25314106225014277
R,L,12.0,SL,210,320,331,861,0.38443670150987225,0.3716608594657375,0.24390243902439024
R,L,12.0,ST,49,50,36,135,0.26666666666666666,0.37037037037037035,0.362962962962963
R,L,12.0,SV,7,12,6,25,0.24,0.48,0.28
R,L,13.0,CH,1076,1428,2705,5209,0.5192935304281052,0.2741409099635247,0.20656555960837014
R,L,13.0,CS,3,3,3,9,0.3333333333333333,0.3333333333333333,0.3333333333333333
R,L,13.0,CU,867,2580,5344,8791,0.6078944374928904,0.2934819701967922,0.09862359231031737
R,L,13.0,EP,3,0,0,3,0.0,0.0,1.0
R,L,13.0,FA,0,2,0,2,0.0,1.0,0.0
R,L,13.0,FC,988,3272,2952,7212,0.40931780366056575,0.45368829728230725,0.136993899057127
R,L,13.0,FF,2033,2633,760,5426,0.14006634721710284,0.48525617397714704,0.3746774788057501
R,L,13.0,FO,0,4,1,5,0.2,0.8,0.0
R,L,13.0,FS,57,92,253,402,0.6293532338308457,0.22885572139303484,0.1417910447761194
R,L,13.0,KC,210,634,1559,2403,0.6487723678734915,0.2638368705784436,0.08739076154806492
R,L,13.0,KN,2,3,3,8,0.375,0.375,0.25
R,L,13.0,SC,0,1,3,4,0.75,0.25,0.0
R,L,13.0,SI,752,826,443,2021,0.21919841662543296,0.4087085601187531,0.37209302325581395
R,L,13.0,SL,1786,5548,11728,19062,0.6152554821110062,0.2910502570559228,0.09369426083307103
R,L,13.0,ST,284,795,1242,2321,0.5351141749246014,0.34252477380439467,0.12236105127100388
R,L,13.0,SV,36,139,200,375,0.5333333333333333,0.37066666666666664,0.096
R,L,14.0,CH,9415,6903,11986,28304,0.4234737139626908,0.24388778971170152,0.3326384963256077
R,L,14.0,CS,3,2,1,6,0.16666666666666666,0.3333333333333333,0.5
R,L,14.0,CU,1290,1007,1728,4025,0.4293167701863354,0.2501863354037267,0.3204968944099379
R,L,14.0,FA,3,2,0,5,0.0,0.4,0.6
R,L,14.0,FC,342,303,202,847,0.2384887839433294,0.3577331759149941,0.4037780401416765
R,L,14.0,FF,1153,1475,595,3223,0.18461061123177164,0.4576481538938877,0.3577412348743407
R,L,14.0,FO,3,3,4,10,0.4,0.3,0.3
R,L,14.0,FS,216,189,435,840,0.5178571428571429,0.225,0.2571428571428571
R,L,14.0,KC,308,249,493,1050,0.4695238095238095,0.23714285714285716,0.29333333333333333
R,L,14.0,KN,5,4,9,18,0.5,0.2222222222222222,0.2777777777777778
R,L,14.0,SC,6,1,2,9,0.2222222222222222,0.1111111111111111,0.6666666666666666
R,L,14.0,SI,3224,3061,1842,8127,0.22665190107050573,0.376645748738772,0.3967023501907223
R,L,14.0,SL,1060,955,1541,3556,0.43335208098987626,0.2685601799775028,0.2980877390326209
R,L,14.0,ST,142,123,133,398,0.3341708542713568,0.30904522613065327,0.35678391959798994
R,L,14.0,SV,26,18,18,62,0.2903225806451613,0.2903225806451613,0.41935483870967744
R,R,1.0,CH,775,959,202,1936,0.10433884297520661,0.49535123966942146,0.4003099173553719
R,R,1.0,CS,1,0,1,2,0.5,0.0,0.5
R,R,1.0,CU,551,529,125,1205,0.1037344398340249,0.43900414937759336,0.45726141078838173
R,R,1.0,EP,30,8,2,40,0.05,0.2,0.75
R,R,1.0,FA,58,25,5,88,0.056818181818181816,0.2840909090909091,0.6590909090909091
R,R,1.0,FC,607,966,513,2086,0.24592521572387344,0.46308724832214765,0.2909875359539789
R,R,1.0,FF,8919,13793,5590,28302,0.1975125432831602,0.4873507172637976,0.3151367394530422
R,R,1.0,FO,1,4,0,5,0.0,0.8,0.2
R,R,1.0,FS,207,226,69,502,0.13745019920318724,0.450199203187251,0.4123505976095618
R,R,1.0,KC,241,187,33,461,0.07158351409978309,0.40563991323210413,0.5227765726681128
R,R,1.0,KN,33,25,10,68,0.14705882352941177,0.36764705882352944,0.4852941176470588
R,R,1.0,SC,2,3,0,5,0.0,0.6,0.4
R,R,1.0,SI,6367,6033,1422,13822,0.1028794675155549,0.43647807842569813,0.46064245405874693
R,R,1.0,SL,1569,2199,861,4629,0.18600129617627997,0.475048606610499,0.338950097213221
R,R,1.0,ST,283,402,163,848,0.19221698113207547,0.4740566037735849,0.33372641509433965
R,R,1.0,SV,16,39,9,64,0.140625,0.609375,0.25
R,R,2.0,CH,709,614,165,1488,0.11088709677419355,0.41263440860215056,0.47647849462365593
R,R,2.0,CS,2,1,0,3,0.0,0.3333333333333333,0.6666666666666666
R,R,2.0,CU,827,725,198,1750,0.11314285714285714,0.4142857142857143,0.4725714285714286
R,R,2.0,EP,32,15,4,51,0.0784313725490196,0.29411764705882354,0.6274509803921569
R,R,2.0,FA,83,39,8,130,0.06153846153846154,0.3,0.6384615384615384
R,R,2.0,FC,1631,2139,1160,4930,0.23529411764705882,0.4338742393509128,0.3308316430020284
R,R,2.0,FF,13073,21555,10150,44778,0.22667381303318593,0.4813747822591451,0.29195140470766895
R,R,2.0,FO,1,4,0,5,0.0,0.8,0.2
R,R,2.0,FS,186,155,45,386,0.11658031088082901,0.4015544041450777,0.48186528497409326
R,R,2.0,KC,342,277,59,678,0.08702064896755163,0.4085545722713864,0.504424778761062
R,R,2.0,KN,27,46,28,101,0.27722772277227725,0.45544554455445546,0.26732673267326734
R,R,2.0,SI,4614,4744,1380,10738,0.1285155522443658,0.44179549264295026,0.4296889551126839
R,R,2.0,SL,3170,3709,1735,8614,0.2014162990480613,0.4305781286278152,0.3680055723241235
R,R,2.0,ST,600,715,314,1629,0.19275629220380602,0.4389195825659914,0.3683241252302026
R,R,2.0,SV,44,38,17,99,0.1717171717171717,0.3838383838383838,0.4444444444444444
R,R,3.0,CH,248,176,84,508,0.16535433070866143,0.3464566929133858,0.4881889763779528
R,R,3.0,CS,1,1,0,2,0.0,0.5,0.5
R,R,3.0,CU,448,390,155,993,0.15609264853977844,0.39274924471299094,0.4511581067472306
R,R,3.0,EP,24,9,4,37,0.10810810810810811,0.24324324324324326,0.6486486486486487
R,R,3.0,FA,54,40,8,102,0.0784313725490196,0.39215686274509803,0.5294117647058824
R,R,3.0,FC,1577,1878,972,4427,0.2195617799864468,0.42421504404788796,0.3562231759656652
R,R,3.0,FF,8207,14974,7789,30970,0.2515014530190507,0.48350016144656116,0.2649983855343881
R,R,3.0,FO,1,0,0,1,0.0,0.0,1.0
R,R,3.0,FS,62,37,26,125,0.208,0.296,0.496
R,R,3.0,KC,138,110,39,287,0.13588850174216027,0.3832752613240418,0.4808362369337979
R,R,3.0,KN,23,40,19,82,0.23170731707317074,0.4878048780487805,0.2804878048780488
R,R,3.0,SC,0,1,0,1,0.0,1.0,0.0
R,R,3.0,SI,1476,1941,632,4049,0.15608792294393678,0.47937762410471724,0.364534452951346
R,R,3.0,SL,2420,2506,1297,6223,0.2084203760244255,0.4026996625421822,0.38887996143339226
R,R,3.0,ST,607,558,281,1446,0.19432918395573998,0.38589211618257263,0.4197786998616874
R,R,3.0,SV,22,32,10,64,0.15625,0.5,0.34375
R,R,4.0,CH,2191,2919,818,5928,0.13798920377867746,0.4924089068825911,0.36960188933873145
R,R,4.0,CS,2,3,0,5,0.0,0.6,0.4
R,R,4.0,CU,1392,1354,209,2955,0.07072758037225042,0.45820642978003384,0.47106598984771575
R,R,4.0,EP,15,5,0,20,0.0,0.25,0.75
R,R,4.0,FA,49,27,3,79,0.0379746835443038,0.34177215189873417,0.620253164556962
R,R,4.0,FC,1376,1150,222,2748,0.08078602620087336,0.41848617176128095,0.5007278020378457
R,R,4.0,FF,12114,11842,2449,26405,0.09274758568452944,0.44847566748721834,0.4587767468282522
R,R,4.0,FO,8,5,3,16,0.1875,0.3125,0.5
R,R,4.0,FS,684,870,182,1736,0.10483870967741936,0.5011520737327189,0.39400921658986177
R,R,4.0,KC,609,513,64,1186,0.05396290050590219,0.4325463743676223,0.5134907251264755
R,R,4.0,KN,47,38,13,98,0.1326530612244898,0.3877551020408163,0.47959183673469385
R,R,4.0,SC,1,7,0,8,0.0,0.875,0.125
R,R,4.0,SI,16062,10535,1228,27825,0.0441329739442947,0.3786163522012579,0.5772506738544474
R,R,4.0,SL,4291,3938,643,8872,0.07247520288548241,0.443868349864743,0.4836564472497746
R,R,4.0,ST,617,692,169,1478,0.11434370771312584,0.46820027063599456,0.4174560216508796
R,R,4.0,SV,73,65,8,146,0.0547945205479452,0.4452054794520548,0.5
R,R,5.0,CH,2647,2116,863,5626,0.15339495200853182,0.37611091361535726,0.47049413437611093
R,R,5.0,CS,5,2,3,10,0.3,0.2,0.5
R,R,5.0,CU,2989,2213,590,5792,0.1018646408839779,0.38207872928176795,0.5160566298342542
R,R,5.0,EP,31,14,4,49,0.08163265306122448,0.2857142857142857,0.6326530612244898
R,R,5.0,FA,109,38,9,156,0.057692307692307696,0.24358974358974358,0.6987179487179487
R,R,5.0,FC,4141,3315,974,8430,0.11553973902728351,0.3932384341637011,0.49122182680901544
R,R,5.0,FF,18271,22491,6779,47541,0.14259270945078983,0.47308638859090046,0.38432090195830965
R,R,5.0,FO,7,10,5,22,0.22727272727272727,0.45454545454545453,0.3181818181818182
R,R,5.0,FS,714,588,238,1540,0.15454545454545454,0.38181818181818183,0.4636363636363636
R,R,5.0,KC,1172,718,133,2023,0.0657439446366782,0.35491843796342065,0.5793376173999011
R,R,5.0,KN,78,46,28,152,0.18421052631578946,0.3026315789473684,0.5131578947368421
R,R,5.0,SC,1,1,0,2,0.0,0.5,0.5
R,R,5.0,SI,13627,9061,1428,24116,0.059213799966827005,0.37572565931331897,0.565060540719854
R,R,5.0,SL,11445,8796,2589,22830,0.11340341655716163,0.3852825229960578,0.5013140604467805
R,R,5.0,ST,1760,1668,513,3941,0.13017000761228115,0.4232428317685867,0.4465871606191322
R,R,5.0,SV,176,133,36,345,0.10434782608695652,0.3855072463768116,0.5101449275362319
R,R,6.0,CH,1234,790,463,2487,0.18616807398472054,0.3176517893043828,0.49618013671089667
R,R,6.0,CS,2,1,2,5,0.4,0.2,0.4
R,R,6.0,CU,2547,1456,627,4630,0.13542116630669546,0.3144708423326134,0.5501079913606911
R,R,6.0,EP,37,5,7,49,0.14285714285714285,0.10204081632653061,0.7551020408163265
R,R,6.0,FA,76,51,11,138,0.07971014492753623,0.3695652173913043,0.5507246376811594
R,R,6.0,FC,4985,4172,1626,10783,0.15079291477325418,0.38690531392005933,0.4623017713066864
R,R,6.0,FF,12517,18875,7108,38500,0.18462337662337663,0.4902597402597403,0.32511688311688314
R,R,6.0,FO,0,0,1,1,1.0,0.0,0.0
R,R,6.0,FS,316,211,127,654,0.19418960244648317,0.32262996941896027,0.4831804281345566
R,R,6.0,KC,796,454,187,1437,0.1301322199025748,0.3159359777313848,0.5539318023660403
R,R,6.0,KN,66,59,32,157,0.20382165605095542,0.37579617834394907,0.42038216560509556
R,R,6.0,SC,2,0,1,3,0.3333333333333333,0.0,0.6666666666666666
R,R,6.0,SI,5256,4053,870,10179,0.08547008547008547,0.3981727085175361,0.5163572060123784
R,R,6.0,SL,11694,8561,4312,24567,0.17552000651280172,0.3484755973460333,0.47600439614116496
R,R,6.0,ST,2134,1710,859,4703,0.18264937274080376,0.363597703593451,0.45375292366574527
R,R,6.0,SV,187,126,45,358,0.12569832402234637,0.35195530726256985,0.5223463687150838
R,R,7.0,CH,1849,3378,2139,7366,0.2903882704317133,0.4585935378767309,0.2510181916915558
R,R,7.0,CS,3,5,0,8,0.0,0.625,0.375
R,R,7.0,CU,901,1197,405,2503,0.16180583300039952,0.47822612864562525,0.35996803835397523
R,R,7.0,EP,9,3,0,12,0.0,0.25,0.75
R,R,7.0,FA,20,10,1,31,0.03225806451612903,0.3225806451612903,0.6451612903225806
R,R,7.0,FC,531,452,117,1100,0.10636363636363637,0.4109090909090909,0.4827272727272727
R,R,7.0,FF,4320,3359,463,8142,0.05686563497912061,0.41255219847703267,0.5305821665438467
R,R,7.0,FO,7,9,12,28,0.42857142857142855,0.32142857142857145,0.25
R,R,7.0,FS,578,1045,645,2268,0.2843915343915344,0.4607583774250441,0.25485008818342153
R,R,7.0,KC,375,534,159,1068,0.14887640449438203,0.5,0.351123595505618
R,R,7.0,KN,18,32,7,57,0.12280701754385964,0.5614035087719298,0.3157894736842105
R,R,7.0,SC,3,2,0,5,0.0,0.4,0.6
R,R,7.0,SI,8762,7850,2282,18894,0.1207790833068699,0.4154758124272256,0.46374510426590454
R,R,7.0,SL,2396,2495,854,5745,0.14865100087032201,0.43429068755439515,0.41705831157528284
R,R,7.0,ST,372,367,107,846,0.12647754137115838,0.43380614657210403,0.4397163120567376
R,R,7.0,SV,63,34,5,102,0.049019607843137254,0.3333333333333333,0.6176470588235294
R,R,8.0,CH,3277,3030,2451,8758,0.2798584151632793,0.34596939940625715,0.3741721854304636
R,R,8.0,CS,12,4,4,20,0.2,0.2,0.6
R,R,8.0,CU,2957,2447,1258,6662,0.18883218252776943,0.36730711498048635,0.4438607024917442
R,R,8.0,EP,13,5,4,22,0.18181818181818182,0.22727272727272727,0.5909090909090909
R,R,8.0,FA,40,19,3,62,0.04838709677419355,0.3064516129032258,0.6451612903225806
R,R,8.0,FC,2625,1770,691,5086,0.135863153755407,0.34801415650806133,0.5161226897365316
R,R,8.0,FF,8175,7008,1406,16589,0.08475495810476821,0.42244861052504673,0.4927964313701851
R,R,8.0,FO,7,14,14,35,0.4,0.4,0.2
R,R,8.0,FS,960,962,790,2712,0.29129793510324486,0.3547197640117994,0.35398230088495575
R,R,8.0,KC,1151,1095,494,2740,0.1802919708029197,0.39963503649635035,0.42007299270072995
R,R,8.0,KN,37,32,22,91,0.24175824175824176,0.3516483516483517,0.4065934065934066
R,R,8.0,SC,4,2,0,6,0.0,0.3333333333333333,0.6666666666666666
R,R,8.0,SI,9791,5909,1539,17239,0.08927431985614015,0.3427693021636986,0.5679563779801613
R,R,8.0,SL,9669,7340,4656,21665,0.2149088391414724,0.33879529194553426,0.44629586891299333
R,R,8.0,ST,1475,1084,542,3101,0.1747823282811996,0.3495646565623992,0.4756530151564012
R,R,8.0,SV,173,104,35,312,0.11217948717948718,0.3333333333333333,0.5544871794871795
R,R,9.0,CH,1824,1301,1373,4498,0.3052467763450422,0.289239662072032,0.40551356158292573
R,R,9.0,CS,5,2,5,12,0.4166666666666667,0.16666666666666666,0.4166666666666667
R,R,9.0,CU,3299,2061,1936,7296,0.26535087719298245,0.2824835526315789,0.45216557017543857
R,R,9.0,EP,22,12,6,40,0.15,0.3,0.55
R,R,9.0,FA,38,8,8,54,0.14814814814814814,0.14814814814814814,0.7037037037037037
R,R,9.0,FC,4036,2967,1975,8978,0.2199821786589441,0.33047449320561373,0.4495433281354422
R,R,9.0,FF,5913,6279,1782,13974,0.1275225418634607,0.4493344783168742,0.4231429798196651
R,R,9.0,FO,5,5,7,17,0.4117647058823529,0.29411764705882354,0.29411764705882354
R,R,9.0,FS,528,416,513,1457,0.3520933424845573,0.2855181880576527,0.36238846945778996
R,R,9.0,KC,1174,767,738,2679,0.27547592385218367,0.286300858529302,0.43822321761851435
R,R,9.0,KN,43,24,18,85,0.21176470588235294,0.2823529411764706,0.5058823529411764
R,R,9.0,SC,1,1,0,2,0.0,0.5,0.5
R,R,9.0,SI,3819,2404,762,6985,0.10909090909090909,0.34416607015032213,0.5467430207587688
R,R,9.0,SL,13741,8993,10099,32833,0.3075868790546097,0.27390125788079067,0.41851186306459964
R,R,9.0,ST,2296,1581,1585,5462,0.2901867447821311,0.28945441230318564,0.4203588429146833
R,R,9.0,SV,270,163,135,568,0.23767605633802816,0.2869718309859155,0.4753521126760563
R,R,11.0,CH,818,1772,424,3014,0.14067684140676842,0.5879230258792303,0.2714001327140013
R,R,11.0,CS,6,3,0,9,0.0,0.3333333333333333,0.6666666666666666
R,R,11.0,CU,277,386,93,756,0.12301587301587301,0.5105820105820106,0.3664021164021164
R,R,11.0,EP,43,18,6,67,0.08955223880597014,0.26865671641791045,0.6417910447761194
R,R,11.0,FA,53,43,7,103,0.06796116504854369,0.4174757281553398,0.5145631067961165
R,R,11.0,FC,289,626,645,1560,0.41346153846153844,0.4012820512820513,0.18525641025641026
R,R,11.0,FF,7233,14247,10317,31797,0.3244645721294462,0.44806113784319274,0.22747429002736108
R,R,11.0,FO,2,7,1,10,0.1,0.7,0.2
R,R,11.0,FS,230,463,131,824,0.15898058252427186,0.5618932038834952,0.279126213592233
R,R,11.0,KC,108,138,34,280,0.12142857142857143,0.4928571428571429,0.38571428571428573
R,R,11.0,KN,14,28,14,56,0.25,0.5,0.25
R,R,11.0,SC,2,1,0,3,0.0,0.3333333333333333,0.6666666666666666
R,R,11.0,SI,8123,11064,3303,22490,0.14686527345486883,0.491951978657181,0.3611827478879502
R,R,11.0,SL,789,1323,796,2908,0.2737276478679505,0.45495185694635487,0.2713204951856946
R,R,11.0,ST,140,207,128,475,0.2694736842105263,0.4357894736842105,0.29473684210526313
R,R,11.0,SV,7,14,4,25,0.16,0.56,0.28
R,R,12.0,CH,141,94,57,292,0.1952054794520548,0.3219178082191781,0.4828767123287671
R,R,12.0,CS,2,1,1,4,0.25,0.25,0.5
R,R,12.0,CU,375,300,203,878,0.23120728929384965,0.3416856492027335,0.4271070615034169
R,R,12.0,EP,68,10,5,83,0.060240963855421686,0.12048192771084337,0.8192771084337349
R,R,12.0,FA,88,52,17,157,0.10828025477707007,0.33121019108280253,0.5605095541401274
R,R,12.0,FC,1525,1898,1354,4777,0.2834414904751936,0.3973204940339125,0.31923801549089387
R,R,12.0,FF,6361,13602,9035,28998,0.3115732119456514,0.4690668321953238,0.21935995585902476
R,R,12.0,FO,0,1,0,1,0.0,1.0,0.0
R,R,12.0,FS,34,28,12,74,0.16216216216216217,0.3783783783783784,0.4594594594594595
R,R,12.0,KC,91,77,40,208,0.19230769230769232,0.3701923076923077,0.4375
R,R,12.0,KN,36,32,27,95,0.28421052631578947,0.3368421052631579,0.37894736842105264
R,R,12.0,SI,672,909,422,2003,0.2106839740389416,0.45381927109335995,0.3354967548676985
R,R,12.0,SL,2197,2326,1975,6498,0.3039396737457679,0.3579562942443829,0.3381040320098492
R,R,12.0,ST,683,622,620,1925,0.3220779220779221,0.32311688311688314,0.3548051948051948
R,R,12.0,SV,34,40,19,93,0.20430107526881722,0.43010752688172044,0.3655913978494624
R,R,13.0,CH,1579,4497,5649,11725,0.4817910447761194,0.3835394456289979,0.13466950959488272
R,R,13.0,CS,2,5,5,12,0.4166666666666667,0.4166666666666667,0.16666666666666666
R,R,13.0,CU,612,1168,1313,3093,0.4245069511800841,0.3776268994503718,0.19786614936954414
R,R,13.0,EP,3,9,1,13,0.07692307692307693,0.6923076923076923,0.23076923076923078
R,R,13.0,FA,8,8,3,19,0.15789473684210525,0.42105263157894735,0.42105263157894735
R,R,13.0,FC,262,283,238,783,0.30395913154533843,0.3614303959131545,0.334610472541507
R,R,13.0,FF,2446,2426,604,5476,0.11029948867786706,0.44302410518626734,0.4466764061358656
R,R,13.0,FO,4,20,44,68,0.6470588235294118,0.29411764705882354,0.058823529411764705
R,R,13.0,FS,505,1484,2142,4131,0.5185185185185185,0.35923505204550954,0.12224642943597192
R,R,13.0,KC,262,523,630,1415,0.4452296819787986,0.3696113074204947,0.18515901060070672
R,R,13.0,KN,18,15,24,57,0.42105263157894735,0.2631578947368421,0.3157894736842105
R,R,13.0,SC,0,5,3,8,0.375,0.625,0.0
R,R,13.0,SI,6391,11219,6725,24335,0.2763509348674748,0.46102321758783643,0.2626258475446887
R,R,13.0,SL,1168,1807,2231,5206,0.4285439877064925,0.34709950057625816,0.22435651171724932
R,R,13.0,ST,170,242,159,571,0.27845884413309985,0.4238178633975482,0.29772329246935203
R,R,13.0,SV,31,28,14,73,0.1917808219178082,0.3835616438356164,0.4246575342465753
R,R,14.0,CH,1670,1729,4466,7865,0.5678321678321678,0.21983471074380165,0.21233312142403052
R,R,14.0,CS,12,9,8,29,0.27586206896551724,0.3103448275862069,0.41379310344827586
R,R,14.0,CU,3516,3106,9857,16479,0.5981552278657686,0.1884823108198313,0.21336246131440015
R,R,14.0,EP,26,16,14,56,0.25,0.2857142857142857,0.4642857142857143
R,R,14.0,FA,37,13,8,58,0.13793103448275862,0.22413793103448276,0.6379310344827587
R,R,14.0,FC,3560,3667,7597,14824,0.5124797625472207,0.24736913113869402,0.24015110631408526
R,R,14.0,FF,3439,4774,2738,10951,0.2500228289653913,0.43594192311204455,0.31403524792256415
R,R,14.0,FO,12,12,70,94,0.7446808510638298,0.1276595744680851,0.1276595744680851
R,R,14.0,FS,580,642,2219,3441,0.6448706771287417,0.18657367044463818,0.16855565242662016
R,R,14.0,KC,1087,1144,4377,6608,0.6623789346246973,0.17312348668280872,0.16449757869249396
R,R,14.0,KN,54,45,50,149,0.33557046979865773,0.30201342281879195,0.3624161073825503
R,R,14.0,SC,2,2,4,8,0.5,0.25,0.25
R,R,14.0,SI,1518,1466,1189,4173,0.2849269110951354,0.35130601485741675,0.3637670740474479
R,R,14.0,SL,13054,11709,44741,69504,0.643718347145488,0.16846512430939226,0.1878165285451197
R,R,14.0,ST,2611,2445,7908,12964,0.6099969145325517,0.18859919777846343,0.20140388768898487
R,R,14.0,SV,324,260,877,1461,0.6002737850787132,0.17796030116358658,0.22176591375770022
