stand,p_throws,zone,pitch_type,ball_in_play,foul,swinging_strike,total_swings,pct_swinging_strike,pct_foul,pct_ball_in_play
L,L,1,CH,2,3,0,5,0.0,0.6,0.4
L,L,1,CU,11,9,1,21,0.047619047619047616,0.42857142857142855,0.5238095238095238
L,L,1,FA,1,0,0,1,0.0,0.0,1.0
L,L,1,FC,26,32,16,74,0.21621621621621623,0.43243243243243246,0.35135135135135137
L,L,1,FF,173,333,157,663,0.2368024132730015,0.502262443438914,0.2609351432880845
L,L,1,FS,0,1,0,1,0.0,1.0,0.0
L,L,1,KC,0,3,0,3,0.0,1.0,0.0
L,L,1,SI,40,43,12,95,0.12631578947368421,0.45263157894736844,0.42105263157894735
L,L,1,SL,49,58,23,130,0.17692307692307693,0.4461538461538462,0.3769230769230769
L,L,1,ST,38,31,17,86,0.19767441860465115,0.36046511627906974,0.4418604651162791
L,L,1,SV,3,2,1,6,0.16666666666666666,0.3333333333333333,0.5
L,L,2,CH,7,7,4,18,0.2222222222222222,0.3888888888888889,0.3888888888888889
L,L,2,CU,18,12,3,33,0.09090909090909091,0.36363636363636365,0.5454545454545454
L,L,2,EP,0,1,0,1,0.0,1.0,0.0
L,L,2,FA,1,1,0,2,0.0,0.5,0.5
L,L,2,FC,34,50,13,97,0.13402061855670103,0.5154639175257731,0.35051546391752575
L,L,2,FF,312,565,230,1107,0.20776874435411022,0.5103884372177055,0.28184281842818426
L,L,2,FS,0,1,0,1,0.0,1.0,0.0
L,L,2,KC,6,4,0,10,0.0,0.4,0.6
L,L,2,SI,173,206,53,432,0.12268518518518519,0.47685185185185186,0.40046296296296297
L,L,2,SL,81,93,46,220,0.20909090909090908,0.42272727272727273,0.36818181818181817
L,L,2,ST,45,37,19,101,0.18811881188118812,0.36633663366336633,0.44554455445544555
L,L,2,SV,0,3,0,3,0.0,1.0,0.0
L,L,3,CH,12,17,1,30,0.03333333333333333,0.5666666666666667,0.4
L,L,3,CU,11,15,4,30,0.13333333333333333,0.5,0.36666666666666664
L,L,3,EP,2,0,0,2,0.0,0.0,1.0
L,L,3,FA,2,2,0,4,0.0,0.5,0.5
L,L,3,FC,13,13,8,34,0.23529411764705882,0.38235294117647056,0.38235294117647056
L,L,3,FF,255,392,188,835,0.2251497005988024,0.4694610778443114,0.30538922155688625
L,L,3,FS,0,2,0,2,0.0,1.0,0.0
L,L,3,KC,4,4,0,8,0.0,0.5,0.5
L,L,3,SI,259,248,57,564,0.10106382978723404,0.4397163120567376,0.4592198581560284
L,L,3,SL,44,48,21,113,0.18584070796460178,0.4247787610619469,0.3893805309734513
L,L,3,ST,16,27,9,52,0.17307692307692307,0.5192307692307693,0.3076923076923077
L,L,3,SV,4,0,1,5,0.2,0.0,0.8
L,L,4,CH,10,10,3,23,0.13043478260869565,0.43478260869565216,0.43478260869565216
L,L,4,CU,49,27,9,85,0.10588235294117647,0.3176470588235294,0.5764705882352941
L,L,4,EP,1,0,0,1,0.0,0.0,1.0
L,L,4,FA,1,1,0,2,0.0,0.5,0.5
L,L,4,FC,111,77,46,234,0.19658119658119658,0.32905982905982906,0.47435897435897434
L,L,4,FF,255,412,124,791,0.15676359039190899,0.5208596713021492,0.3223767383059418
L,L,4,FS,0,0,1,1,1.0,0.0,0.0
L,L,4,KC,8,4,6,18,0.3333333333333333,0.2222222222222222,0.4444444444444444
L,L,4,SI,161,143,27,331,0.08157099697885196,0.43202416918429004,0.486404833836858
L,L,4,SL,262,165,81,508,0.1594488188976378,0.3248031496062992,0.515748031496063
L,L,4,ST,128,114,50,292,0.17123287671232876,0.3904109589041096,0.4383561643835616
L,L,4,SV,11,10,3,24,0.125,0.4166666666666667,0.4583333333333333
L,L,5,CH,35,30,10,75,0.13333333333333333,0.4,0.4666666666666667
L,L,5,CU,61,42,10,113,0.08849557522123894,0.37168141592920356,0.5398230088495575
L,L,5,EP,2,0,0,2,0.0,0.0,1.0
L,L,5,FA,2,0,0,2,0.0,0.0,1.0
L,L,5,FC,132,74,28,234,0.11965811965811966,0.3162393162393162,0.5641025641025641
L,L,5,FF,482,563,154,1199,0.12844036697247707,0.469557964970809,0.40200166805671395
L,L,5,FO,1,0,0,1,0.0,0.0,1.0
L,L,5,FS,2,0,0,2,0.0,0.0,1.0
L,L,5,KC,17,18,1,36,0.027777777777777776,0.5,0.4722222222222222
L,L,5,SI,543,364,62,969,0.06398348813209494,0.37564499484004127,0.5603715170278638
L,L,5,SL,283,212,66,561,0.11764705882352941,0.3778966131907308,0.5044563279857398
L,L,5,ST,136,112,47,295,0.15932203389830507,0.37966101694915255,0.4610169491525424
L,L,5,SV,8,7,2,17,0.11764705882352941,0.4117647058823529,0.47058823529411764
L,L,6,CH,29,52,12,93,0.12903225806451613,0.5591397849462365,0.3118279569892473
L,L,6,CU,34,33,4,71,0.056338028169014086,0.4647887323943662,0.4788732394366197
L,L,6,EP,1,0,0,1,0.0,0.0,1.0
L,L,6,FC,25,40,3,68,0.04411764705882353,0.5882352941176471,0.36764705882352944
L,L,6,FF,292,316,70,678,0.10324483775811209,0.46607669616519176,0.4306784660766962
L,L,6,FO,0,1,0,1,0.0,1.0,0.0
L,L,6,FS,5,5,3,13,0.23076923076923078,0.38461538461538464,0.38461538461538464
L,L,6,KC,12,5,3,20,0.15,0.25,0.6
L,L,6,SI,611,423,61,1095,0.05570776255707763,0.3863013698630137,0.5579908675799087
L,L,6,SL,96,97,20,213,0.09389671361502347,0.45539906103286387,0.4507042253521127
L,L,6,ST,50,66,19,135,0.14074074074074075,0.4888888888888889,0.37037037037037035
L,L,6,SV,7,4,0,11,0.0,0.36363636363636365,0.6363636363636364
L,L,7,CH,22,19,22,63,0.3492063492063492,0.30158730158730157,0.3492063492063492
L,L,7,CU,62,38,31,131,0.2366412213740458,0.2900763358778626,0.4732824427480916
L,L,7,FA,1,0,0,1,0.0,0.0,1.0
L,L,7,FC,124,68,66,258,0.2558139534883721,0.26356589147286824,0.4806201550387597
L,L,7,FF,108,126,33,267,0.12359550561797752,0.47191011235955055,0.4044943820224719
L,L,7,FS,2,3,0,5,0.0,0.6,0.4
L,L,7,KC,19,17,13,49,0.2653061224489796,0.3469387755102041,0.3877551020408163
L,L,7,SI,111,87,31,229,0.13537117903930132,0.3799126637554585,0.4847161572052402
L,L,7,SL,285,208,253,746,0.339142091152815,0.27882037533512066,0.3820375335120643
L,L,7,ST,129,104,93,326,0.2852760736196319,0.31901840490797545,0.39570552147239263
L,L,7,SV,20,10,7,37,0.1891891891891892,0.2702702702702703,0.5405405405405406
L,L,8,CH,36,41,38,115,0.33043478260869563,0.3565217391304348,0.3130434782608696
L,L,8,CU,63,63,36,162,0.2222222222222222,0.3888888888888889,0.3888888888888889
L,L,8,FC,78,53,28,159,0.1761006289308176,0.3333333333333333,0.49056603773584906
L,L,8,FF,187,152,31,370,0.08378378378378379,0.41081081081081083,0.5054054054054054
L,L,8,FS,3,4,1,8,0.125,0.5,0.375
L,L,8,KC,23,19,9,51,0.17647058823529413,0.37254901960784315,0.45098039215686275
L,L,8,SI,314,215,64,593,0.10792580101180438,0.3625632377740304,0.5295109612141653
L,L,8,SL,234,190,108,532,0.20300751879699247,0.35714285714285715,0.4398496240601504
L,L,8,ST,90,70,52,212,0.24528301886792453,0.330188679245283,0.42452830188679247
L,L,8,SV,15,10,3,28,0.10714285714285714,0.35714285714285715,0.5357142857142857
L,L,9,CH,42,50,32,124,0.25806451612903225,0.4032258064516129,0.3387096774193548
L,L,9,CU,23,25,11,59,0.1864406779661017,0.423728813559322,0.3898305084745763
L,L,9,FC,17,15,9,41,0.21951219512195122,0.36585365853658536,0.4146341463414634
L,L,9,FF,97,86,7,190,0.03684210526315789,0.45263157894736844,0.5105263157894737
L,L,9,FS,3,5,4,12,0.3333333333333333,0.4166666666666667,0.25
L,L,9,KC,7,8,5,20,0.25,0.4,0.35
L,L,9,SI,294,270,80,644,0.12422360248447205,0.4192546583850932,0.45652173913043476
L,L,9,SL,45,65,25,135,0.18518518518518517,0.48148148148148145,0.3333333333333333
L,L,9,ST,25,26,7,58,0.1206896551724138,0.4482758620689655,0.43103448275862066
L,L,9,SV,6,5,1,12,0.08333333333333333,0.4166666666666667,0.5
L,L,11,CH,1,1,2,4,0.5,0.25,0.25
L,L,11,CU,0,5,4,9,0.4444444444444444,0.5555555555555556,0.0
L,L,11,EP,1,0,0,1,0.0,0.0,1.0
L,L,11,FA,1,1,1,3,0.3333333333333333,0.3333333333333333,0.3333333333333333
L,L,11,FC,17,18,17,52,0.3269230769230769,0.34615384615384615,0.3269230769230769
L,L,11,FF,95,206,137,438,0.3127853881278539,0.4703196347031963,0.21689497716894976
L,L,11,FS,0,1,0,1,0.0,1.0,0.0
L,L,11,KC,0,1,2,3,0.6666666666666666,0.3333333333333333,0.0
L,L,11,SI,10,23,8,41,0.1951219512195122,0.5609756097560976,0.24390243902439024
L,L,11,SL,21,41,31,93,0.3333333333333333,0.44086021505376344,0.22580645161290322
L,L,11,ST,41,28,37,106,0.3490566037735849,0.2641509433962264,0.3867924528301887
L,L,11,SV,2,2,0,4,0.0,0.5,0.5
L,L,12,CH,10,27,6,43,0.13953488372093023,0.627906976744186,0.23255813953488372
L,L,12,CU,8,11,4,23,0.17391304347826086,0.4782608695652174,0.34782608695652173
L,L,12,EP,3,2,0,5,0.0,0.4,0.6
L,L,12,FA,1,1,1,3,0.3333333333333333,0.3333333333333333,0.3333333333333333
L,L,12,FC,11,17,11,39,0.28205128205128205,0.4358974358974359,0.28205128205128205
L,L,12,FF,164,360,256,780,0.3282051282051282,0.46153846153846156,0.21025641025641026
L,L,12,FS,2,3,0,5,0.0,0.6,0.4
L,L,12,KC,3,3,0,6,0.0,0.5,0.5
L,L,12,SI,306,402,124,832,0.14903846153846154,0.4831730769230769,0.36778846153846156
L,L,12,SL,21,34,23,78,0.2948717948717949,0.4358974358974359,0.2692307692307692
L,L,12,ST,10,15,7,32,0.21875,0.46875,0.3125
L,L,13,CH,20,24,66,110,0.6,0.21818181818181817,0.18181818181818182
L,L,13,CU,59,63,192,314,0.6114649681528662,0.20063694267515925,0.18789808917197454
L,L,13,EP,1,0,0,1,0.0,0.0,1.0
L,L,13,FC,64,85,201,350,0.5742857142857143,0.24285714285714285,0.18285714285714286
L,L,13,FF,44,81,39,164,0.23780487804878048,0.49390243902439024,0.2682926829268293
L,L,13,FS,1,4,8,13,0.6153846153846154,0.3076923076923077,0.07692307692307693
L,L,13,KC,18,21,71,110,0.6454545454545455,0.19090909090909092,0.16363636363636364
L,L,13,SI,34,40,46,120,0.38333333333333336,0.3333333333333333,0.2833333333333333
L,L,13,SL,237,223,991,1451,0.6829772570640937,0.1536871123363198,0.1633356305995865
L,L,13,ST,143,132,460,735,0.6258503401360545,0.17959183673469387,0.1945578231292517
L,L,13,SV,15,20,38,73,0.5205479452054794,0.273972602739726,0.2054794520547945
L,L,14,CH,13,72,113,198,0.5707070707070707,0.36363636363636365,0.06565656565656566
L,L,14,CU,23,40,32,95,0.3368421052631579,0.42105263157894735,0.24210526315789474
L,L,14,FC,8,7,6,21,0.2857142857142857,0.3333333333333333,0.38095238095238093
L,L,14,FF,56,52,10,118,0.0847457627118644,0.4406779661016949,0.4745762711864407
L,L,14,FO,0,0,1,1,1.0,0.0,0.0
L,L,14,FS,8,7,15,30,0.5,0.23333333333333334,0.26666666666666666
L,L,14,KC,2,10,14,26,0.5384615384615384,0.38461538461538464,0.07692307692307693
L,L,14,SI,198,325,178,701,0.25392296718972895,0.463623395149786,0.28245363766048504
L,L,14,SL,31,43,76,150,0.5066666666666667,0.2866666666666667,0.20666666666666667
L,L,14,ST,17,19,10,46,0.21739130434782608,0.41304347826086957,0.3695652173913043
L,L,14,SV,3,6,10,19,0.5263157894736842,0.3157894736842105,0.15789473684210525
L,R,1,CH,235,193,69,497,0.13883299798792756,0.38832997987927564,0.47283702213279677
L,R,1,CU,64,65,18,147,0.12244897959183673,0.4421768707482993,0.43537414965986393
L,R,1,EP,10,2,1,13,0.07692307692307693,0.15384615384615385,0.7692307692307693
L,R,1,FA,9,4,1,14,0.07142857142857142,0.2857142857142857,0.6428571428571429
L,R,1,FC,123,260,203,586,0.3464163822525597,0.44368600682593856,0.2098976109215017
L,R,1,FF,1160,2413,1326,4899,0.2706674831598285,0.49254949989793834,0.2367830169422331
L,R,1,FS,67,71,14,152,0.09210526315789473,0.46710526315789475,0.4407894736842105
L,R,1,KC,19,21,2,42,0.047619047619047616,0.5,0.4523809523809524
L,R,1,KN,7,5,1,13,0.07692307692307693,0.38461538461538464,0.5384615384615384
L,R,1,SC,0,1,0,1,0.0,1.0,0.0
L,R,1,SI,257,395,154,806,0.19106699751861042,0.49007444168734493,0.3188585607940447
L,R,1,SL,95,144,134,373,0.35924932975871315,0.38605898123324395,0.2546916890080429
L,R,1,ST,34,44,27,105,0.2571428571428571,0.41904761904761906,0.3238095238095238
L,R,1,SV,1,5,4,10,0.4,0.5,0.1
L,R,2,CH,147,105,28,280,0.1,0.375,0.525
L,R,2,CU,83,69,19,171,0.1111111111111111,0.40350877192982454,0.4853801169590643
L,R,2,EP,5,0,0,5,0.0,0.0,1.0
L,R,2,FA,10,2,1,13,0.07692307692307693,0.15384615384615385,0.7692307692307693
L,R,2,FC,448,604,291,1343,0.21667907669396871,0.44973938942665675,0.33358153387937456
L,R,2,FF,2053,3259,1218,6530,0.18652373660030627,0.4990811638591118,0.3143950995405819
L,R,2,FO,0,1,0,1,0.0,1.0,0.0
L,R,2,FS,42,37,18,97,0.18556701030927836,0.38144329896907214,0.4329896907216495
L,R,2,KC,24,17,5,46,0.10869565217391304,0.3695652173913043,0.5217391304347826
L,R,2,KN,2,4,1,7,0.14285714285714285,0.5714285714285714,0.2857142857142857
L,R,2,SC,0,2,0,2,0.0,1.0,0.0
L,R,2,SI,293,389,108,790,0.13670886075949368,0.49240506329113926,0.37088607594936707
L,R,2,SL,200,260,130,590,0.22033898305084745,0.4406779661016949,0.3389830508474576
L,R,2,ST,60,52,19,131,0.1450381679389313,0.3969465648854962,0.4580152671755725
L,R,2,SV,3,4,1,8,0.125,0.5,0.375
L,R,3,CH,13,13,2,28,0.07142857142857142,0.4642857142857143,0.4642857142857143
L,R,3,CU,35,20,1,56,0.017857142857142856,0.35714285714285715,0.625
L,R,3,EP,5,0,0,5,0.0,0.0,1.0
L,R,3,FA,3,6,1,10,0.1,0.6,0.3
L,R,3,FC,503,562,146,1211,0.12056151940545004,0.4640792733278282,0.4153592072667217
L,R,3,FF,1251,1861,483,3595,0.13435326842837275,0.517663421418637,0.3479833101529903
L,R,3,FS,7,18,1,26,0.038461538461538464,0.6923076923076923,0.2692307692307692
L,R,3,KC,6,9,1,16,0.0625,0.5625,0.375
L,R,3,KN,2,1,1,4,0.25,0.25,0.5
L,R,3,SI,139,174,35,348,0.10057471264367816,0.5,0.3994252873563218
L,R,3,SL,135,187,58,380,0.15263157894736842,0.4921052631578947,0.35526315789473684
L,R,3,ST,36,46,7,89,0.07865168539325842,0.5168539325842697,0.4044943820224719
L,R,3,SV,1,2,0,3,0.0,0.6666666666666666,0.3333333333333333
L,R,4,CH,1112,658,276,2046,0.1348973607038123,0.32160312805474095,0.5434995112414467
L,R,4,CS,0,0,1,1,1.0,0.0,0.0
L,R,4,CU,304,194,46,544,0.08455882352941177,0.35661764705882354,0.5588235294117647
L,R,4,EP,6,1,1,8,0.125,0.125,0.75
L,R,4,FA,8,3,0,11,0.0,0.2727272727272727,0.7272727272727273
L,R,4,FC,309,320,101,730,0.13835616438356163,0.4383561643835616,0.4232876712328767
L,R,4,FF,1427,2292,719,4438,0.16200991437584497,0.5164488508337088,0.32154123479044616
L,R,4,FO,0,1,0,1,0.0,1.0,0.0
L,R,4,FS,355,209,86,650,0.13230769230769232,0.32153846153846155,0.5461538461538461
L,R,4,KC,73,43,7,123,0.056910569105691054,0.34959349593495936,0.5934959349593496
L,R,4,KN,8,12,2,22,0.09090909090909091,0.5454545454545454,0.36363636363636365
L,R,4,SC,2,3,1,6,0.16666666666666666,0.5,0.3333333333333333
L,R,4,SI,844,775,161,1780,0.09044943820224718,0.4353932584269663,0.47415730337078654
L,R,4,SL,461,398,120,979,0.12257405515832483,0.4065372829417773,0.47088866189989786
L,R,4,ST,159,130,51,340,0.15,0.38235294117647056,0.4676470588235294
L,R,4,SV,8,7,4,19,0.21052631578947367,0.3684210526315789,0.42105263157894735
L,R,5,CH,647,440,167,1254,0.1331738437001595,0.3508771929824561,0.5159489633173844
L,R,5,CS,1,1,0,2,0.0,0.5,0.5
L,R,5,CU,438,318,54,810,0.06666666666666667,0.3925925925925926,0.5407407407407407
L,R,5,EP,8,2,0,10,0.0,0.2,0.8
L,R,5,FA,5,8,1,14,0.07142857142857142,0.5714285714285714,0.35714285714285715
L,R,5,FC,822,698,131,1651,0.07934585099939431,0.4227740763173834,0.49788007268322226
L,R,5,FF,2584,2988,685,6257,0.10947738532843215,0.47754514943263543,0.4129774652389324
L,R,5,FO,0,4,1,5,0.2,0.8,0.0
L,R,5,FS,226,175,47,448,0.10491071428571429,0.390625,0.5044642857142857
L,R,5,KC,121,76,21,218,0.0963302752293578,0.3486238532110092,0.555045871559633
L,R,5,KN,14,13,7,34,0.20588235294117646,0.38235294117647056,0.4117647058823529
L,R,5,SC,2,0,0,2,0.0,0.0,1.0
L,R,5,SI,933,675,113,1721,0.06565950029052876,0.39221382916908776,0.5421266705403835
L,R,5,SL,777,683,170,1630,0.10429447852760736,0.4190184049079755,0.4766871165644172
L,R,5,ST,268,215,52,535,0.09719626168224299,0.40186915887850466,0.5009345794392523
L,R,5,SV,13,13,2,28,0.07142857142857142,0.4642857142857143,0.4642857142857143
L,R,6,CH,89,119,31,239,0.1297071129707113,0.497907949790795,0.3723849372384937
L,R,6,CS,0,1,0,1,0.0,1.0,0.0
L,R,6,CU,139,191,24,354,0.06779661016949153,0.53954802259887,0.3926553672316384
L,R,6,EP,3,1,0,4,0.0,0.25,0.75
L,R,6,FA,4,7,0,11,0.0,0.6363636363636364,0.36363636363636365
L,R,6,FC,783,742,112,1637,0.06841783750763591,0.45326817348808796,0.47831398900427613
L,R,6,FF,1836,1707,294,3837,0.0766223612197029,0.44487881157154024,0.47849882720875686
L,R,6,FS,49,63,15,127,0.11811023622047244,0.49606299212598426,0.3858267716535433
L,R,6,KC,41,36,5,82,0.06097560975609756,0.43902439024390244,0.5
L,R,6,KN,5,10,2,17,0.11764705882352941,0.5882352941176471,0.29411764705882354
L,R,6,SI,420,281,34,735,0.04625850340136054,0.38231292517006804,0.5714285714285714
L,R,6,SL,441,619,113,1173,0.09633418584825235,0.5277067348678602,0.37595907928388744
L,R,6,ST,153,232,43,428,0.10046728971962617,0.5420560747663551,0.3574766355140187
L,R,6,SV,7,6,0,13,0.0,0.46153846153846156,0.5384615384615384
L,R,7,CH,1360,793,664,2817,0.2357117500887469,0.28150514731984383,0.4827831025914093
L,R,7,CS,0,1,0,1,0.0,1.0,0.0
L,R,7,CU,387,217,135,739,0.18267929634641408,0.2936400541271989,0.523680649526387
L,R,7,EP,2,2,0,4,0.0,0.5,0.5
L,R,7,FA,2,4,0,6,0.0,0.6666666666666666,0.3333333333333333
L,R,7,FC,149,104,27,280,0.09642857142857143,0.37142857142857144,0.5321428571428571
L,R,7,FF,527,538,101,1166,0.08662092624356775,0.4614065180102916,0.45197255574614065
L,R,7,FO,1,1,0,2,0.0,0.5,0.5
L,R,7,FS,493,328,200,1021,0.1958863858961802,0.32125367286973555,0.4828599412340842
L,R,7,KC,116,86,25,227,0.11013215859030837,0.3788546255506608,0.5110132158590308
L,R,7,KN,10,2,3,15,0.2,0.13333333333333333,0.6666666666666666
L,R,7,SC,1,4,0,5,0.0,0.8,0.2
L,R,7,SI,655,425,91,1171,0.07771135781383433,0.3629376601195559,0.5593509820666097
L,R,7,SL,452,317,155,924,0.16774891774891776,0.3430735930735931,0.48917748917748916
L,R,7,ST,131,101,34,266,0.12781954887218044,0.37969924812030076,0.4924812030075188
L,R,7,SV,9,4,0,13,0.0,0.3076923076923077,0.6923076923076923
L,R,8,CH,965,848,545,2358,0.23112807463952503,0.359626802374894,0.409245122985581
L,R,8,CS,0,1,0,1,0.0,1.0,0.0
L,R,8,CU,532,483,227,1242,0.18276972624798712,0.3888888888888889,0.428341384863124
L,R,8,EP,5,0,0,5,0.0,0.0,1.0
L,R,8,FA,5,2,0,7,0.0,0.2857142857142857,0.7142857142857143
L,R,8,FC,438,279,68,785,0.08662420382165605,0.3554140127388535,0.5579617834394904
L,R,8,FF,1001,877,156,2034,0.07669616519174041,0.4311701081612586,0.492133726647001
L,R,8,FO,1,1,1,3,0.3333333333333333,0.3333333333333333,0.3333333333333333
L,R,8,FS,349,344,230,923,0.24918743228602383,0.37269772481040087,0.3781148429035753
L,R,8,KC,148,134,59,341,0.17302052785923755,0.39296187683284456,0.4340175953079179
L,R,8,KN,11,10,8,29,0.27586206896551724,0.3448275862068966,0.3793103448275862
L,R,8,SC,3,0,1,4,0.25,0.0,0.75
L,R,8,SI,773,430,71,1274,0.05572998430141287,0.33751962323390894,0.6067503924646782
L,R,8,SL,900,843,369,2112,0.1747159090909091,0.3991477272727273,0.42613636363636365
L,R,8,ST,266,254,99,619,0.15993537964458804,0.41033925686591277,0.4297253634894992
L,R,8,SV,15,11,5,31,0.16129032258064516,0.3548387096774194,0.4838709677419355
L,R,9,CH,196,303,158,657,0.2404870624048706,0.4611872146118721,0.2983257229832572
L,R,9,CU,176,418,220,814,0.2702702702702703,0.5135135135135135,0.21621621621621623
L,R,9,EP,2,4,0,6,0.0,0.6666666666666666,0.3333333333333333
L,R,9,FA,3,2,0,5,0.0,0.4,0.6
L,R,9,FC,332,457,134,923,0.14517876489707476,0.49512459371614304,0.35969664138678226
L,R,9,FF,661,586,74,1321,0.056018168054504165,0.4436033308099924,0.5003785011355034
L,R,9,FO,0,2,0,2,0.0,1.0,0.0
L,R,9,FS,87,151,94,332,0.28313253012048195,0.45481927710843373,0.2620481927710843
L,R,9,KC,56,112,72,240,0.3,0.4666666666666667,0.23333333333333334
L,R,9,KN,6,5,7,18,0.3888888888888889,0.2777777777777778,0.3333333333333333
L,R,9,SC,1,1,1,3,0.3333333333333333,0.3333333333333333,0.3333333333333333
L,R,9,SI,267,203,41,511,0.08023483365949119,0.3972602739726027,0.5225048923679061
L,R,9,SL,489,887,483,1859,0.25981710597095214,0.4771382463690156,0.26304464766003227
L,R,9,ST,163,330,156,649,0.24036979969183359,0.5084745762711864,0.25115562403698
L,R,9,SV,18,19,3,40,0.075,0.475,0.45
L,R,11,CH,368,306,163,837,0.19474313022700118,0.3655913978494624,0.43966547192353644
L,R,11,CS,4,0,0,4,0.0,0.0,1.0
L,R,11,CU,45,55,16,116,0.13793103448275862,0.47413793103448276,0.3879310344827586
L,R,11,EP,19,5,0,24,0.0,0.20833333333333334,0.7916666666666666
L,R,11,FA,10,2,1,13,0.07692307692307693,0.15384615384615385,0.7692307692307693
L,R,11,FC,58,168,182,408,0.44607843137254904,0.4117647058823529,0.14215686274509803
L,R,11,FF,862,2139,1573,4574,0.34390030607783123,0.46764320069960646,0.1884564932225623
L,R,11,FO,1,0,2,3,0.6666666666666666,0.0,0.3333333333333333
L,R,11,FS,98,109,56,263,0.21292775665399238,0.4144486692015209,0.3726235741444867
L,R,11,KC,8,14,6,28,0.21428571428571427,0.5,0.2857142857142857
L,R,11,KN,3,11,1,15,0.06666666666666667,0.7333333333333333,0.2
L,R,11,SI,187,321,200,708,0.2824858757062147,0.4533898305084746,0.2641242937853107
L,R,11,SL,55,94,81,230,0.3521739130434783,0.40869565217391307,0.2391304347826087
L,R,11,ST,26,19,20,65,0.3076923076923077,0.2923076923076923,0.4
L,R,11,SV,0,0,2,2,1.0,0.0,0.0
L,R,12,CH,4,8,3,15,0.2,0.5333333333333333,0.26666666666666666
L,R,12,CS,1,0,1,2,0.5,0.0,0.5
L,R,12,CU,7,17,6,30,0.2,0.5666666666666667,0.23333333333333334
L,R,12,EP,2,4,0,6,0.0,0.6666666666666666,0.3333333333333333
L,R,12,FA,3,2,2,7,0.2857142857142857,0.2857142857142857,0.42857142857142855
L,R,12,FC,273,623,240,1136,0.2112676056338028,0.5484154929577465,0.24031690140845072
L,R,12,FF,766,1549,838,3153,0.265778623533143,0.4912781477957501,0.24294322867110688
L,R,12,FS,2,5,4,11,0.36363636363636365,0.45454545454545453,0.18181818181818182
L,R,12,KC,2,8,3,13,0.23076923076923078,0.6153846153846154,0.15384615384615385
L,R,12,KN,1,1,0,2,0.0,0.5,0.5
L,R,12,SC,0,1,0,1,0.0,1.0,0.0
L,R,12,SI,61,70,26,157,0.16560509554140126,0.445859872611465,0.3885350318471338
L,R,12,SL,71,172,59,302,0.19536423841059603,0.5695364238410596,0.23509933774834438
L,R,12,ST,15,57,12,84,0.14285714285714285,0.6785714285714286,0.17857142857142858
L,R,12,SV,1,2,0,3,0.0,0.6666666666666666,0.3333333333333333
L,R,13,CH,1642,1253,2043,4938,0.413730255164034,0.253746456055083,0.33252328878088294
L,R,13,CS,1,1,0,2,0.0,0.5,0.5
L,R,13,CU,313,294,463,1070,0.4327102803738318,0.27476635514018694,0.2925233644859813
L,R,13,EP,3,0,1,4,0.25,0.0,0.75
L,R,13,FA,3,0,0,3,0.0,0.0,1.0
L,R,13,FC,71,54,46,171,0.26900584795321636,0.3157894736842105,0.4152046783625731
L,R,13,FF,237,298,116,651,0.1781874039938556,0.4577572964669739,0.3640552995391705
L,R,13,FO,1,2,1,4,0.25,0.5,0.25
L,R,13,FS,552,500,786,1838,0.4276387377584331,0.2720348204570185,0.3003264417845484
L,R,13,KC,110,89,147,346,0.42485549132947975,0.25722543352601157,0.3179190751445087
L,R,13,KN,12,15,12,39,0.3076923076923077,0.38461538461538464,0.3076923076923077
L,R,13,SI,426,444,247,1117,0.22112802148612354,0.39749328558639213,0.38137869292748433
L,R,13,SL,297,296,484,1077,0.44939647168059427,0.2748375116063138,0.2757660167130919
L,R,13,ST,88,77,51,216,0.2361111111111111,0.35648148148148145,0.4074074074074074
L,R,13,SV,5,5,6,16,0.375,0.3125,0.3125
L,R,14,CH,249,377,640,1266,0.5055292259083728,0.29778830963665087,0.1966824644549763
L,R,14,CS,1,1,0,2,0.0,0.5,0.5
L,R,14,CU,191,650,1165,2006,0.5807577268195414,0.3240279162512463,0.09521435692921236
L,R,14,EP,1,2,0,3,0.0,0.6666666666666666,0.3333333333333333
L,R,14,FA,0,1,1,2,0.5,0.5,0.0
L,R,14,FC,212,630,564,1406,0.4011379800853485,0.4480796586059744,0.1507823613086771
L,R,14,FF,294,407,115,816,0.1409313725490196,0.4987745098039216,0.3602941176470588
L,R,14,FO,0,3,1,4,0.25,0.75,0.0
L,R,14,FS,97,240,499,836,0.59688995215311,0.28708133971291866,0.11602870813397129
L,R,14,KC,62,162,413,637,0.6483516483516484,0.2543171114599686,0.09733124018838304
L,R,14,KN,3,5,8,16,0.5,0.3125,0.1875
L,R,14,SC,0,4,6,10,0.6,0.4,0.0
L,R,14,SI,107,133,53,293,0.18088737201365188,0.4539249146757679,0.3651877133105802
L,R,14,SL,322,1030,2275,3627,0.6272401433691757,0.2839812517231872,0.08877860490763717
L,R,14,ST,113,373,622,1108,0.5613718411552346,0.33664259927797835,0.10198555956678701
L,R,14,SV,7,30,47,84,0.5595238095238095,0.35714285714285715,0.08333333333333333
R,L,1,CH,8,20,2,30,0.06666666666666667,0.6666666666666666,0.26666666666666666
R,L,1,CU,17,16,1,34,0.029411764705882353,0.47058823529411764,0.5
R,L,1,EP,0,1,0,1,0.0,1.0,0.0
R,L,1,FA,0,2,1,3,0.3333333333333333,0.6666666666666666,0.0
R,L,1,FC,154,197,57,408,0.13970588235294118,0.48284313725490197,0.37745098039215685
R,L,1,FF,844,1207,359,2410,0.14896265560165975,0.5008298755186722,0.350207468879668
R,L,1,FO,0,1,0,1,0.0,1.0,0.0
R,L,1,FS,2,0,0,2,0.0,0.0,1.0
R,L,1,KC,2,3,0,5,0.0,0.6,0.4
R,L,1,SI,117,193,63,373,0.16890080428954424,0.517426273458445,0.3136729222520107
R,L,1,SL,57,69,15,141,0.10638297872340426,0.48936170212765956,0.40425531914893614
R,L,1,ST,22,37,4,63,0.06349206349206349,0.5873015873015873,0.3492063492063492
R,L,1,SV,1,1,0,2,0.0,0.5,0.5
R,L,2,CH,96,67,17,180,0.09444444444444444,0.37222222222222223,0.5333333333333333
R,L,2,CU,51,39,8,98,0.08163265306122448,0.3979591836734694,0.5204081632653061
R,L,2,FA,2,1,0,3,0.0,0.3333333333333333,0.6666666666666666
R,L,2,FC,127,182,92,401,0.22942643391521197,0.4538653366583541,0.3167082294264339
R,L,2,FF,1108,1779,748,3635,0.20577716643741403,0.4894085281980743,0.3048143053645117
R,L,2,FO,0,1,0,1,0.0,1.0,0.0
R,L,2,FS,7,9,1,17,0.058823529411764705,0.5294117647058824,0.4117647058823529
R,L,2,KC,6,16,1,23,0.043478260869565216,0.6956521739130435,0.2608695652173913
R,L,2,SI,291,380,103,774,0.1330749354005168,0.4909560723514212,0.375968992248062
R,L,2,SL,90,116,62,268,0.23134328358208955,0.43283582089552236,0.3358208955223881
R,L,2,ST,40,30,18,88,0.20454545454545456,0.3409090909090909,0.45454545454545453
R,L,2,SV,2,2,1,5,0.2,0.4,0.4
R,L,3,CH,197,135,50,382,0.13089005235602094,0.35340314136125656,0.5157068062827225
R,L,3,CU,35,34,16,85,0.18823529411764706,0.4,0.4117647058823529
R,L,3,EP,0,2,0,2,0.0,1.0,0.0
R,L,3,FA,2,1,1,4,0.25,0.25,0.5
R,L,3,FC,28,61,61,150,0.4066666666666667,0.4066666666666667,0.18666666666666668
R,L,3,FF,523,1231,616,2370,0.25991561181434597,0.519409282700422,0.22067510548523206
R,L,3,FO,0,2,0,2,0.0,1.0,0.0
R,L,3,FS,17,19,5,41,0.12195121951219512,0.4634146341463415,0.4146341463414634
R,L,3,KC,6,13,4,23,0.17391304347826086,0.5652173913043478,0.2608695652173913
R,L,3,SI,221,360,170,751,0.22636484687083888,0.4793608521970706,0.29427430093209056
R,L,3,SL,30,82,47,159,0.29559748427672955,0.5157232704402516,0.18867924528301888
R,L,3,ST,12,28,15,55,0.2727272727272727,0.509090909090909,0.21818181818181817
R,L,3,SV,0,2,0,2,0.0,1.0,0.0
R,L,4,CH,95,90,34,219,0.1552511415525114,0.410958904109589,0.4337899543378995
R,L,4,CU,86,94,11,191,0.05759162303664921,0.49214659685863876,0.450261780104712
R,L,4,EP,1,0,0,1,0.0,0.0,1.0
R,L,4,FC,296,286,55,637,0.08634222919937205,0.4489795918367347,0.46467817896389324
R,L,4,FF,1252,1113,145,2510,0.05776892430278884,0.4434262948207171,0.49880478087649405
R,L,4,FO,1,0,0,1,0.0,0.0,1.0
R,L,4,FS,3,10,4,17,0.23529411764705882,0.5882352941176471,0.17647058823529413
R,L,4,KC,22,18,3,43,0.06976744186046512,0.4186046511627907,0.5116279069767442
R,L,4,SI,350,261,36,647,0.05564142194744977,0.4034003091190108,0.5409582689335394
R,L,4,SL,260,327,58,645,0.08992248062015504,0.5069767441860465,0.40310077519379844
R,L,4,ST,104,121,25,250,0.1,0.484,0.416
R,L,4,SV,6,5,1,12,0.08333333333333333,0.4166666666666667,0.5
R,L,5,CH,416,318,130,864,0.15046296296296297,0.3680555555555556,0.48148148148148145
R,L,5,CU,219,143,33,395,0.08354430379746836,0.3620253164556962,0.5544303797468354
R,L,5,EP,1,2,0,3,0.0,0.6666666666666666,0.3333333333333333
R,L,5,FA,2,2,0,4,0.0,0.5,0.5
R,L,5,FC,294,229,59,582,0.1013745704467354,0.39347079037800686,0.5051546391752577
R,L,5,FF,1341,1589,389,3319,0.11720397710153661,0.47875866224766495,0.4040373606507984
R,L,5,FO,2,0,0,2,0.0,0.0,1.0
R,L,5,FS,29,24,8,61,0.13114754098360656,0.39344262295081966,0.47540983606557374
R,L,5,KC,51,28,2,81,0.024691358024691357,0.345679012345679,0.6296296296296297
R,L,5,SI,822,583,96,1501,0.06395736175882745,0.38840772818121255,0.54763491005996
R,L,5,SL,399,289,91,779,0.11681643132220795,0.37098844672657255,0.5121951219512195
R,L,5,ST,138,120,34,292,0.11643835616438356,0.410958904109589,0.4726027397260274
R,L,5,SV,24,10,0,34,0.0,0.29411764705882354,0.7058823529411765
R,L,6,CH,823,402,242,1467,0.16496250852079072,0.2740286298568507,0.5610088616223585
R,L,6,CU,174,109,37,320,0.115625,0.340625,0.54375
R,L,6,EP,1,0,0,1,0.0,0.0,1.0
R,L,6,FC,104,110,44,258,0.17054263565891473,0.4263565891472868,0.40310077519379844
R,L,6,FF,640,1055,364,2059,0.17678484701311317,0.5123846527440505,0.3108305002428363
R,L,6,FO,2,3,0,5,0.0,0.6,0.4
R,L,6,FS,59,33,18,110,0.16363636363636364,0.3,0.5363636363636364
R,L,6,KC,42,22,6,70,0.08571428571428572,0.3142857142857143,0.6
R,L,6,SI,635,636,114,1385,0.08231046931407943,0.4592057761732852,0.4584837545126354
R,L,6,SL,174,196,63,433,0.14549653579676675,0.45265588914549654,0.4018475750577367
R,L,6,ST,71,65,26,162,0.16049382716049382,0.4012345679012346,0.4382716049382716
R,L,6,SV,10,7,4,21,0.19047619047619047,0.3333333333333333,0.47619047619047616
R,L,7,CH,111,214,139,464,0.2995689655172414,0.46120689655172414,0.23922413793103448
R,L,7,CU,101,263,96,460,0.20869565217391303,0.5717391304347826,0.21956521739130436
R,L,7,FC,160,254,92,506,0.18181818181818182,0.5019762845849802,0.31620553359683795
R,L,7,FF,410,359,53,822,0.06447688564476886,0.4367396593673966,0.49878345498783455
R,L,7,FS,7,19,14,40,0.35,0.475,0.175
R,L,7,KC,27,45,21,93,0.22580645161290322,0.4838709677419355,0.2903225806451613
R,L,7,SI,222,160,24,406,0.059113300492610835,0.39408866995073893,0.5467980295566502
R,L,7,SL,270,437,244,951,0.2565720294426919,0.45951629863301785,0.28391167192429023
R,L,7,ST,92,144,86,322,0.2670807453416149,0.4472049689440994,0.2857142857142857
R,L,7,SV,8,19,11,38,0.2894736842105263,0.5,0.21052631578947367
R,L,8,CH,670,500,416,1586,0.26229508196721313,0.31525851197982346,0.4224464060529634
R,L,8,CU,290,239,114,643,0.17729393468118196,0.37169517884914466,0.4510108864696734
R,L,8,EP,1,0,0,1,0.0,0.0,1.0
R,L,8,FA,0,1,0,1,0.0,1.0,0.0
R,L,8,FC,202,162,57,421,0.13539192399049882,0.3847980997624703,0.47980997624703087
R,L,8,FF,548,418,74,1040,0.07115384615384615,0.40192307692307694,0.5269230769230769
R,L,8,FO,1,1,2,4,0.5,0.25,0.25
R,L,8,FS,49,47,42,138,0.30434782608695654,0.34057971014492755,0.35507246376811596
R,L,8,KC,70,52,32,154,0.2077922077922078,0.33766233766233766,0.45454545454545453
R,L,8,SI,557,310,45,912,0.049342105263157895,0.3399122807017544,0.6107456140350878
R,L,8,SL,458,334,167,959,0.17413972888425444,0.3482794577685089,0.47758081334723673
R,L,8,ST,154,118,50,322,0.15527950310559005,0.36645962732919257,0.4782608695652174
R,L,8,SV,8,17,3,28,0.10714285714285714,0.6071428571428571,0.2857142857142857
R,L,9,CH,987,557,587,2131,0.2754575316752698,0.2613796339746598,0.4631628343500704
R,L,9,CS,1,0,0,1,0.0,0.0,1.0
R,L,9,CU,214,106,61,381,0.16010498687664043,0.2782152230971129,0.5616797900262467
R,L,9,EP,1,0,0,1,0.0,0.0,1.0
R,L,9,FC,72,50,10,132,0.07575757575757576,0.3787878787878788,0.5454545454545454
R,L,9,FF,198,237,47,482,0.0975103734439834,0.491701244813278,0.4107883817427386
R,L,9,FO,2,0,0,2,0.0,0.0,1.0
R,L,9,FS,68,47,45,160,0.28125,0.29375,0.425
R,L,9,KC,41,28,18,87,0.20689655172413793,0.3218390804597701,0.47126436781609193
R,L,9,SI,437,304,57,798,0.07142857142857142,0.38095238095238093,0.5476190476190477
R,L,9,SL,214,122,90,426,0.2112676056338028,0.2863849765258216,0.5023474178403756
R,L,9,ST,74,40,25,139,0.17985611510791366,0.28776978417266186,0.5323741007194245
R,L,9,SV,6,3,1,10,0.1,0.3,0.6
R,L,11,CH,2,5,2,9,0.2222222222222222,0.5555555555555556,0.2222222222222222
R,L,11,CU,7,10,1,18,0.05555555555555555,0.5555555555555556,0.3888888888888889
R,L,11,EP,2,0,0,2,0.0,0.0,1.0
R,L,11,FA,0,0,2,2,1.0,0.0,0.0
R,L,11,FC,122,222,70,414,0.16908212560386474,0.5362318840579711,0.2946859903381642
R,L,11,FF,510,999,566,2075,0.2727710843373494,0.4814457831325301,0.2457831325301205
R,L,11,FO,1,0,0,1,0.0,0.0,1.0
R,L,11,FS,1,1,0,2,0.0,0.5,0.5
R,L,11,KC,0,1,0,1,0.0,1.0,0.0
R,L,11,SI,46,103,36,185,0.1945945945945946,0.5567567567567567,0.24864864864864866
R,L,11,SL,32,73,42,147,0.2857142857142857,0.4965986394557823,0.21768707482993196
R,L,11,ST,13,43,20,76,0.2631578947368421,0.5657894736842105,0.17105263157894737
R,L,11,SV,0,1,2,3,0.6666666666666666,0.3333333333333333,0.0
R,L,12,CH,331,264,155,750,0.20666666666666667,0.352,0.44133333333333336
R,L,12,CU,23,24,16,63,0.25396825396825395,0.38095238095238093,0.36507936507936506
R,L,12,EP,4,3,0,7,0.0,0.42857142857142855,0.5714285714285714
R,L,12,FA,5,2,0,7,0.0,0.2857142857142857,0.7142857142857143
R,L,12,FC,21,45,52,118,0.4406779661016949,0.3813559322033898,0.17796610169491525
R,L,12,FF,410,1089,918,2417,0.37980968142325194,0.4505585436491518,0.1696317749275962
R,L,12,FO,0,2,1,3,0.3333333333333333,0.6666666666666666,0.0
R,L,12,FS,17,17,11,45,0.24444444444444444,0.37777777777777777,0.37777777777777777
R,L,12,KC,2,9,3,14,0.21428571428571427,0.6428571428571429,0.14285714285714285
R,L,12,SI,184,308,230,722,0.3185595567867036,0.4265927977839335,0.2548476454293629
R,L,12,SL,18,29,40,87,0.45977011494252873,0.3333333333333333,0.20689655172413793
R,L,12,ST,14,9,8,31,0.25806451612903225,0.2903225806451613,0.45161290322580644
R,L,12,SV,1,4,0,5,0.0,0.8,0.2
R,L,13,CH,174,254,441,869,0.5074798619102416,0.29228998849252014,0.2002301495972382
R,L,13,CU,123,299,700,1122,0.6238859180035651,0.26648841354723707,0.10962566844919786
R,L,13,EP,2,0,0,2,0.0,0.0,1.0
R,L,13,FC,102,375,391,868,0.4504608294930876,0.43202764976958524,0.1175115207373272
R,L,13,FF,236,279,87,602,0.14451827242524917,0.4634551495016611,0.3920265780730897
R,L,13,FO,0,4,1,5,0.2,0.8,0.0
R,L,13,FS,24,32,86,142,0.6056338028169014,0.22535211267605634,0.16901408450704225
R,L,13,KC,22,78,182,282,0.6453900709219859,0.2765957446808511,0.07801418439716312
R,L,13,SI,82,85,33,200,0.165,0.425,0.41
R,L,13,SL,183,575,1315,2073,0.6343463579353594,0.2773757838880849,0.08827785817655572
R,L,13,ST,81,239,340,660,0.5151515151515151,0.3621212121212121,0.12272727272727273
R,L,13,SV,8,23,41,72,0.5694444444444444,0.3194444444444444,0.1111111111111111
R,L,14,CH,1198,949,1699,3846,0.4417576703068123,0.24674986999479978,0.31149245969838796
R,L,14,CU,197,143,216,556,0.38848920863309355,0.25719424460431656,0.35431654676258995
R,L,14,FA,2,0,0,2,0.0,0.0,1.0
R,L,14,FC,35,26,21,82,0.25609756097560976,0.3170731707317073,0.4268292682926829
R,L,14,FF,90,166,60,316,0.189873417721519,0.5253164556962026,0.2848101265822785
R,L,14,FO,3,3,4,10,0.4,0.3,0.3
R,L,14,FS,69,66,166,301,0.5514950166112956,0.21926910299003322,0.2292358803986711
R,L,14,KC,45,38,57,140,0.40714285714285714,0.2714285714285714,0.32142857142857145
R,L,14,SI,295,308,176,779,0.22593068035943517,0.39537869062901154,0.37869062901155326
R,L,14,SL,145,127,210,482,0.43568464730290457,0.26348547717842324,0.3008298755186722
R,L,14,ST,42,32,39,113,0.34513274336283184,0.2831858407079646,0.37168141592920356
R,L,14,SV,5,6,9,20,0.45,0.3,0.25
R,R,1,CH,85,82,18,185,0.0972972972972973,0.44324324324324327,0.4594594594594595
R,R,1,CU,45,53,13,111,0.11711711711711711,0.4774774774774775,0.40540540540540543
R,R,1,EP,5,3,0,8,0.0,0.375,0.625
R,R,1,FA,4,2,0,6,0.0,0.3333333333333333,0.6666666666666666
R,R,1,FC,133,152,96,381,0.25196850393700787,0.3989501312335958,0.34908136482939633
R,R,1,FF,1126,1780,723,3629,0.1992284375861119,0.49049324882887846,0.3102783135850096
R,R,1,FS,40,41,7,88,0.07954545454545454,0.4659090909090909,0.45454545454545453
R,R,1,KC,17,17,3,37,0.08108108108108109,0.4594594594594595,0.4594594594594595
R,R,1,KN,5,3,1,9,0.1111111111111111,0.3333333333333333,0.5555555555555556
R,R,1,SC,2,0,0,2,0.0,0.0,1.0
R,R,1,SI,879,920,208,2007,0.10363726955655207,0.458395615346288,0.43796711509715996
R,R,1,SL,211,312,102,625,0.1632,0.4992,0.3376
R,R,1,ST,83,139,46,268,0.17164179104477612,0.5186567164179104,0.30970149253731344
R,R,1,SV,1,3,1,5,0.2,0.6,0.2
R,R,2,CH,54,55,20,129,0.15503875968992248,0.4263565891472868,0.4186046511627907
R,R,2,CS,1,0,0,1,0.0,0.0,1.0
R,R,2,CU,77,65,21,163,0.12883435582822086,0.3987730061349693,0.4723926380368098
R,R,2,EP,11,4,1,16,0.0625,0.25,0.6875
R,R,2,FA,11,1,0,12,0.0,0.08333333333333333,0.9166666666666666
R,R,2,FC,271,391,199,861,0.2311265969802555,0.454123112659698,0.3147502903600465
R,R,2,FF,1677,2877,1312,5866,0.2236617797476986,0.4904534606205251,0.28588475963177634
R,R,2,FS,30,30,12,72,0.16666666666666666,0.4166666666666667,0.4166666666666667
R,R,2,KC,26,19,7,52,0.1346153846153846,0.36538461538461536,0.5
R,R,2,KN,3,5,2,10,0.2,0.5,0.3
R,R,2,SI,625,699,198,1522,0.13009198423127463,0.4592641261498029,0.41064388961892245
R,R,2,SL,425,447,217,1089,0.1992653810835629,0.41046831955922863,0.39026629935720847
R,R,2,ST,171,211,77,459,0.16775599128540306,0.4596949891067538,0.37254901960784315
R,R,2,SV,8,4,1,13,0.07692307692307693,0.3076923076923077,0.6153846153846154
R,R,3,CH,28,18,5,51,0.09803921568627451,0.35294117647058826,0.5490196078431373
R,R,3,CS,1,0,0,1,0.0,0.0,1.0
R,R,3,CU,38,39,7,84,0.08333333333333333,0.4642857142857143,0.4523809523809524
R,R,3,EP,7,2,1,10,0.1,0.2,0.7
R,R,3,FA,8,3,2,13,0.15384615384615385,0.23076923076923078,0.6153846153846154
R,R,3,FC,243,330,152,725,0.2096551724137931,0.45517241379310347,0.3351724137931035
R,R,3,FF,1045,1954,1038,4037,0.2571216249690364,0.48402278919990094,0.25885558583106266
R,R,3,FS,9,7,3,19,0.15789473684210525,0.3684210526315789,0.47368421052631576
R,R,3,KC,9,6,2,17,0.11764705882352941,0.35294117647058826,0.5294117647058824
R,R,3,KN,3,1,2,6,0.3333333333333333,0.16666666666666666,0.5
R,R,3,SC,0,1,0,1,0.0,1.0,0.0
R,R,3,SI,162,218,80,460,0.17391304347826086,0.47391304347826085,0.3521739130434783
R,R,3,SL,273,291,129,693,0.18614718614718614,0.4199134199134199,0.3939393939393939
R,R,3,ST,192,174,75,441,0.17006802721088435,0.3945578231292517,0.43537414965986393
R,R,3,SV,3,1,2,6,0.3333333333333333,0.16666666666666666,0.5
R,R,4,CH,240,323,77,640,0.1203125,0.5046875,0.375
R,R,4,CU,136,155,22,313,0.07028753993610223,0.4952076677316294,0.43450479233226835
R,R,4,EP,4,2,0,6,0.0,0.3333333333333333,0.6666666666666666
R,R,4,FA,5,3,0,8,0.0,0.375,0.625
R,R,4,FC,223,180,33,436,0.07568807339449542,0.41284403669724773,0.5114678899082569
R,R,4,FF,1351,1317,264,2932,0.09004092769440655,0.44918144611186905,0.4607776261937244
R,R,4,FO,1,1,0,2,0.0,0.5,0.5
R,R,4,FS,151,204,26,381,0.06824146981627296,0.5354330708661418,0.3963254593175853
R,R,4,KC,54,44,4,102,0.0392156862745098,0.43137254901960786,0.5294117647058824
R,R,4,KN,7,12,3,22,0.13636363636363635,0.5454545454545454,0.3181818181818182
R,R,4,SC,1,0,0,1,0.0,0.0,1.0
R,R,4,SI,2270,1564,139,3973,0.034986156556758116,0.3936571860055374,0.5713566574377045
R,R,4,SL,614,514,56,1184,0.0472972972972973,0.4341216216216216,0.518581081081081
R,R,4,ST,181,220,43,444,0.09684684684684684,0.4954954954954955,0.40765765765765766
R,R,4,SV,11,4,0,15,0.0,0.26666666666666666,0.7333333333333333
R,R,5,CH,296,257,75,628,0.11942675159235669,0.40923566878980894,0.4713375796178344
R,R,5,CU,299,235,46,580,0.07931034482758621,0.4051724137931034,0.5155172413793103
R,R,5,EP,7,2,0,9,0.0,0.2222222222222222,0.7777777777777778
R,R,5,FA,14,6,2,22,0.09090909090909091,0.2727272727272727,0.6363636363636364
R,R,5,FC,690,583,158,1431,0.11041229909154437,0.4074074074074074,0.48218029350104824
R,R,5,FF,2159,2685,766,5610,0.13654188948306595,0.4786096256684492,0.38484848484848483
R,R,5,FO,0,1,0,1,0.0,1.0,0.0
R,R,5,FS,135,111,39,285,0.1368421052631579,0.3894736842105263,0.47368421052631576
R,R,5,KC,94,58,10,162,0.06172839506172839,0.35802469135802467,0.5802469135802469
R,R,5,KN,12,7,4,23,0.17391304347826086,0.30434782608695654,0.5217391304347826
R,R,5,SC,1,0,0,1,0.0,0.0,1.0
R,R,5,SI,1968,1371,217,3556,0.0610236220472441,0.3855455568053993,0.5534308211473565
R,R,5,SL,1436,1138,288,2862,0.10062893081761007,0.3976240391334731,0.5017470300489169
R,R,5,ST,543,558,134,1235,0.10850202429149798,0.4518218623481781,0.43967611336032386
R,R,5,SV,22,21,9,52,0.17307692307692307,0.40384615384615385,0.4230769230769231
R,R,6,CH,110,105,56,271,0.2066420664206642,0.3874538745387454,0.4059040590405904
R,R,6,CS,0,0,1,1,1.0,0.0,0.0
R,R,6,CU,246,125,64,435,0.1471264367816092,0.28735632183908044,0.5655172413793104
R,R,6,EP,7,1,0,8,0.0,0.125,0.875
R,R,6,FA,5,7,1,13,0.07692307692307693,0.5384615384615384,0.38461538461538464
R,R,6,FC,771,647,248,1666,0.148859543817527,0.38835534213685474,0.46278511404561823
R,R,6,FF,1444,2212,786,4442,0.1769473210265646,0.49797388563710043,0.325078793336335
R,R,6,FS,63,44,25,132,0.1893939393939394,0.3333333333333333,0.4772727272727273
R,R,6,KC,74,35,8,117,0.06837606837606838,0.29914529914529914,0.6324786324786325
R,R,6,KN,5,4,2,11,0.18181818181818182,0.36363636363636365,0.45454545454545453
R,R,6,SC,2,0,0,2,0.0,0.0,1.0
R,R,6,SI,645,565,121,1331,0.09090909090909091,0.42449286250939144,0.48459804658151767
R,R,6,SL,1489,1122,491,3102,0.1582849774339136,0.3617021276595745,0.48001289490651194
R,R,6,ST,701,565,222,1488,0.14919354838709678,0.3797043010752688,0.47110215053763443
R,R,6,SV,40,23,6,69,0.08695652173913043,0.3333333333333333,0.5797101449275363
R,R,7,CH,223,356,230,809,0.2843016069221261,0.4400494437577256,0.27564894932014833
R,R,7,CU,99,157,40,296,0.13513513513513514,0.5304054054054054,0.3344594594594595
R,R,7,EP,4,1,0,5,0.0,0.2,0.8
R,R,7,FA,0,2,0,2,0.0,1.0,0.0
R,R,7,FC,68,66,13,147,0.08843537414965986,0.4489795918367347,0.46258503401360546
R,R,7,FF,393,329,39,761,0.051248357424441525,0.4323258869908016,0.5164257555847569
R,R,7,FO,0,2,1,3,0.3333333333333333,0.6666666666666666,0.0
R,R,7,FS,102,209,105,416,0.25240384615384615,0.5024038461538461,0.24519230769230768
R,R,7,KC,38,39,14,91,0.15384615384615385,0.42857142857142855,0.4175824175824176
R,R,7,KN,7,11,1,19,0.05263157894736842,0.5789473684210527,0.3684210526315789
R,R,7,SC,2,0,0,2,0.0,0.0,1.0
R,R,7,SI,1205,1083,256,2544,0.10062893081761007,0.4257075471698113,0.4736635220125786
R,R,7,SL,342,349,85,776,0.1095360824742268,0.4497422680412371,0.44072164948453607
R,R,7,ST,127,109,26,262,0.09923664122137404,0.41603053435114506,0.4847328244274809
R,R,7,SV,9,1,2,12,0.16666666666666666,0.08333333333333333,0.75
R,R,8,CH,371,320,278,969,0.2868937048503612,0.3302373581011352,0.3828689370485036
R,R,8,CS,2,0,0,2,0.0,0.0,1.0
R,R,8,CU,312,298,129,739,0.17456021650879566,0.40324763193504737,0.42219215155615697
R,R,8,EP,2,0,0,2,0.0,0.0,1.0
R,R,8,FA,8,0,2,10,0.2,0.0,0.8
R,R,8,FC,392,263,76,731,0.1039671682626539,0.359781121751026,0.5362517099863201
R,R,8,FF,835,727,130,1692,0.0768321513002364,0.4296690307328605,0.4934988179669031
R,R,8,FO,3,0,0,3,0.0,0.0,1.0
R,R,8,FS,215,225,156,596,0.26174496644295303,0.3775167785234899,0.36073825503355705
R,R,8,KC,103,123,47,273,0.17216117216117216,0.45054945054945056,0.3772893772893773
R,R,8,KN,7,7,7,21,0.3333333333333333,0.3333333333333333,0.3333333333333333
R,R,8,SC,4,0,0,4,0.0,0.0,1.0
R,R,8,SI,1416,844,213,2473,0.08613020622725434,0.34128588758592804,0.5725839061868176
R,R,8,SL,1250,954,486,2690,0.18066914498141265,0.3546468401486989,0.4646840148698885
R,R,8,ST,478,314,135,927,0.14563106796116504,0.33872707659115425,0.5156418554476807
R,R,8,SV,29,16,7,52,0.1346153846153846,0.3076923076923077,0.5576923076923077
R,R,9,CH,189,147,142,478,0.29707112970711297,0.3075313807531381,0.39539748953974896
R,R,9,CU,295,215,180,690,0.2608695652173913,0.3115942028985507,0.427536231884058
R,R,9,EP,6,0,0,6,0.0,0.0,1.0
R,R,9,FA,5,0,2,7,0.2857142857142857,0.0,0.7142857142857143
R,R,9,FC,550,451,280,1281,0.2185792349726776,0.3520686963309914,0.42935206869633097
R,R,9,FF,591,659,168,1418,0.11847672778561354,0.46473906911142454,0.41678420310296194
R,R,9,FO,0,1,1,2,0.5,0.5,0.0
R,R,9,FS,124,84,111,319,0.34796238244514105,0.26332288401253917,0.3887147335423197
R,R,9,KC,122,87,72,281,0.25622775800711745,0.3096085409252669,0.43416370106761565
R,R,9,KN,4,5,7,16,0.4375,0.3125,0.25
R,R,9,SC,0,1,0,1,0.0,1.0,0.0
R,R,9,SI,501,360,100,961,0.1040582726326743,0.37460978147762747,0.5213319458896982
R,R,9,SL,1805,1230,1176,4211,0.27926858228449297,0.29209213963429115,0.4286392780812159
R,R,9,ST,756,489,416,1661,0.25045153521974717,0.2944009632751355,0.4551475015051174
R,R,9,SV,47,21,11,79,0.13924050632911392,0.26582278481012656,0.5949367088607594
R,R,11,CH,84,169,35,288,0.12152777777777778,0.5868055555555556,0.2916666666666667
R,R,11,CS,3,0,0,3,0.0,0.0,1.0
R,R,11,CU,21,36,5,62,0.08064516129032258,0.5806451612903226,0.3387096774193548
R,R,11,EP,9,8,0,17,0.0,0.47058823529411764,0.5294117647058824
R,R,11,FA,3,3,0,6,0.0,0.5,0.5
R,R,11,FC,41,132,117,290,0.40344827586206894,0.45517241379310347,0.1413793103448276
R,R,11,FF,799,1808,1370,3977,0.3444807643952728,0.4546140306763892,0.20090520492833794
R,R,11,FO,1,0,0,1,0.0,0.0,1.0
R,R,11,FS,42,64,24,130,0.18461538461538463,0.49230769230769234,0.3230769230769231
R,R,11,KC,6,10,3,19,0.15789473684210525,0.5263157894736842,0.3157894736842105
R,R,11,KN,4,7,6,17,0.35294117647058826,0.4117647058823529,0.23529411764705882
R,R,11,SC,2,1,0,3,0.0,0.3333333333333333,0.6666666666666666
R,R,11,SI,1034,1413,403,2850,0.14140350877192984,0.4957894736842105,0.36280701754385963
R,R,11,SL,102,172,91,365,0.2493150684931507,0.4712328767123288,0.27945205479452057
R,R,11,ST,35,60,31,126,0.24603174603174602,0.47619047619047616,0.2777777777777778
R,R,11,SV,3,0,1,4,0.25,0.0,0.75
R,R,12,CH,10,10,6,26,0.23076923076923078,0.38461538461538464,0.38461538461538464
R,R,12,CU,27,17,13,57,0.22807017543859648,0.2982456140350877,0.47368421052631576
R,R,12,EP,22,4,1,27,0.037037037037037035,0.14814814814814814,0.8148148148148148
R,R,12,FA,8,2,2,12,0.16666666666666666,0.16666666666666666,0.6666666666666666
R,R,12,FC,199,240,176,615,0.2861788617886179,0.3902439024390244,0.3235772357723577
R,R,12,FF,720,1690,1203,3613,0.332964295599225,0.4677553279822862,0.19928037641848878
R,R,12,FO,0,1,0,1,0.0,1.0,0.0
R,R,12,FS,1,4,1,6,0.16666666666666666,0.6666666666666666,0.16666666666666666
R,R,12,KC,7,3,3,13,0.23076923076923078,0.23076923076923078,0.5384615384615384
R,R,12,KN,0,0,1,1,1.0,0.0,0.0
R,R,12,SI,49,94,50,193,0.25906735751295334,0.48704663212435234,0.2538860103626943
R,R,12,SL,251,271,195,717,0.2719665271966527,0.37796373779637377,0.3500697350069735
R,R,12,ST,251,203,190,644,0.2950310559006211,0.31521739130434784,0.38975155279503104
R,R,12,SV,7,6,3,16,0.1875,0.375,0.4375
R,R,13,CH,172,472,540,1184,0.4560810810810811,0.39864864864864863,0.14527027027027026
R,R,13,CU,77,154,154,385,0.4,0.4,0.2
R,R,13,EP,1,1,0,2,0.0,0.5,0.5
R,R,13,FA,1,0,1,2,0.5,0.0,0.5
R,R,13,FC,32,39,23,94,0.24468085106382978,0.4148936170212766,0.3404255319148936
R,R,13,FF,207,189,48,444,0.10810810810810811,0.42567567567567566,0.46621621621621623
R,R,13,FO,0,2,2,4,0.5,0.5,0.0
R,R,13,FS,91,287,392,770,0.509090909090909,0.37272727272727274,0.11818181818181818
R,R,13,KC,30,59,74,163,0.4539877300613497,0.3619631901840491,0.18404907975460122
R,R,13,KN,1,6,9,16,0.5625,0.375,0.0625
R,R,13,SC,0,2,1,3,0.3333333333333333,0.6666666666666666,0.0
R,R,13,SI,816,1329,780,2925,0.26666666666666666,0.4543589743589744,0.27897435897435896
R,R,13,SL,130,270,272,672,0.40476190476190477,0.4017857142857143,0.19345238095238096
R,R,13,ST,48,83,34,165,0.20606060606060606,0.503030303030303,0.2909090909090909
R,R,13,SV,5,0,1,6,0.16666666666666666,0.0,0.8333333333333334
R,R,14,CH,185,206,527,918,0.5740740740740741,0.22440087145969498,0.20152505446623092
R,R,14,CU,347,326,908,1581,0.5743200506008855,0.20619860847564833,0.21948134092346616
R,R,14,EP,2,2,0,4,0.0,0.5,0.5
R,R,14,FA,5,3,1,9,0.1111111111111111,0.3333333333333333,0.5555555555555556
R,R,14,FC,452,494,938,1884,0.4978768577494692,0.262208067940552,0.23991507430997877
R,R,14,FF,311,452,248,1011,0.24530168150346193,0.44708209693372897,0.3076162215628091
R,R,14,FO,1,3,7,11,0.6363636363636364,0.2727272727272727,0.09090909090909091
R,R,14,FS,119,144,501,764,0.6557591623036649,0.18848167539267016,0.15575916230366493
R,R,14,KC,102,123,425,650,0.6538461538461539,0.18923076923076923,0.15692307692307692
R,R,14,KN,5,8,11,24,0.4583333333333333,0.3333333333333333,0.20833333333333334
R,R,14,SC,0,1,3,4,0.75,0.25,0.0
R,R,14,SI,181,190,144,515,0.2796116504854369,0.36893203883495146,0.35145631067961164
R,R,14,SL,1588,1439,5381,8408,0.6399857278782112,0.1711465271170314,0.18886774500475736
R,R,14,ST,837,771,2272,3880,0.5855670103092784,0.19871134020618555,0.2157216494845361
R,R,14,SV,62,56,134,252,0.5317460317460317,0.2222222222222222,0.24603174603174602
