rosterTeamId,playerId,fullName,saveOpportunities,holds,bullpenAppearances,season,bullpenOrder,abbreviation
108,502032,Bud Norris,23,3,57,2017,1,LAA
108,453284,Blake Parker,11,15,71,2017,2,LAA
108,592135,Cam Bedrosian,11,10,48,2017,3,LAA
108,641871,Keynan Middleton,5,10,64,2017,4,LAA
108,433589,Yusmeiro Petit,5,15,59,2017,5,LAA
108,489446,Kirby Yates,4,20,61,2017,6,LAA
108,501625,Jose Alvarez,3,13,64,2017,7,LAA
108,456696,David Hernandez,2,8,38,2017,8,LAA
109,407845,Fernando Rodney,45,0,61,2017,1,ARI
109,605151,Archie Bradley,7,25,63,2017,2,ARI
109,543331,J.J. Hoover,2,10,52,2017,3,ARI
109,456696,David Hernandez,2,8,38,2017,4,ARI
109,517414,Randall Delgado,2,2,21,2017,5,ARI
109,407822,Jorge De La Rosa,1,17,65,2017,6,ARI
109,545332,Jake Barrett,1,2,28,2017,7,ARI
109,642073,Jimmie Sherfy,1,2,11,2017,8,ARI
110,542960,Brad Brach,24,9,67,2017,1,BAL
110,502154,Zack Britton,17,0,38,2017,2,BAL
110,571710,Mychal Givens,6,21,69,2017,3,BAL
110,503285,Darren O'Day,4,17,64,2017,4,BAL
110,543118,Oliver Drake,4,6,61,2017,5,BAL
110,643354,Donnie Hart,2,5,51,2017,6,BAL
110,542947,Richard Bleier,0,3,57,2017,7,BAL
110,612434,Miguel Castro,0,1,38,2017,8,BAL
111,518886,Craig Kimbrel,39,1,67,2017,1,BOS
111,592665,Addison Reed,21,4,48,2017,2,BOS
111,523260,Joe Kelly,4,13,54,2017,3,BOS
111,598264,Matt Barnes,3,21,70,2017,4,BOS
111,592390,Heath Hembree,3,14,62,2017,5,BOS
111,472551,Fernando Abad,3,2,48,2017,6,BOS
111,582494,Robby Scott,2,12,57,2017,7,BOS
111,519443,Brandon Workman,1,4,33,2017,8,BOS
112,451584,Wade Davis,33,0,59,2017,1,CHC
112,458677,Justin Wilson,15,8,42,2017,2,CHC
112,493157,Koji Uehara,5,14,49,2017,3,CHC
112,605218,Carl Edwards Jr.,4,25,73,2017,4,CHC
112,467008,Pedro Strop,4,21,69,2017,5,CHC
112,444468,Héctor Rondón,3,10,61,2017,6,CHC
112,518748,Justin Grimm,3,4,50,2017,7,CHC
112,543557,Mike Montgomery,3,1,30,2017,8,CHC
113,628452,Raisel Iglesias,30,0,63,2017,1,CIN
113,547179,Michael Lorenzen,8,18,70,2017,2,CIN
113,519322,Drew Storen,3,6,58,2017,3,CIN
113,593974,Wandy Peralta,2,16,69,2017,4,CIN
113,502028,Blake Wood,1,3,55,2017,5,CIN
113,594992,Kevin Shackelford,1,3,26,2017,6,CIN
113,571561,Tony Cingrani,1,4,25,2017,7,CIN
113,596112,Robert Stephenson,1,0,14,2017,8,CIN
114,592102,Cody Allen,34,4,69,2017,1,CLE
114,543766,Bryan Shaw,6,26,79,2017,2,CLE
114,453192,Andrew Miller,4,27,57,2017,3,CLE
114,501925,Joe Smith,1,13,38,2017,4,CLE
114,457429,Boone Logan,1,4,38,2017,5,CLE
114,621397,Tyler Olson,1,8,30,2017,6,CLE
114,444520,Craig Breslow,1,0,30,2017,7,CLE
114,580792,Nick Goody,0,6,56,2017,8,CLE
115,518813,Greg Holland,45,1,61,2017,1,COL
115,459429,Jake McGee,6,20,62,2017,2,COL
115,543734,Chris Rusin,3,12,60,2017,3,COL
115,450212,Pat Neshek,3,10,43,2017,4,COL
115,493603,Adam Ottavino,2,21,63,2017,5,COL
115,445197,Mike Dunn,1,19,68,2017,6,COL
115,623184,Scott Oberg,1,15,66,2017,7,COL
115,622608,Antonio Senzatela,1,1,16,2017,8,COL
116,458677,Justin Wilson,15,8,42,2017,1,DET
116,572888,Shane Greene,13,14,71,2017,2,DET
116,408061,Francisco Rodríguez,13,0,28,2017,3,DET
116,543935,Alex Wilson,7,17,66,2017,4,DET
116,621385,Daniel Stumpf,2,9,55,2017,5,DET
116,541652,Bruce Rondón,2,7,21,2017,6,DET
116,641729,Joe Jiménez,1,0,24,2017,7,DET
116,572403,Drew VerHagen,1,5,22,2017,8,DET
117,571704,Ken Giles,38,2,63,2017,1,HOU
117,606965,Chris Devenski,10,25,62,2017,2,HOU
117,461325,Tyler Clippard,6,8,40,2017,3,HOU
117,502381,Luke Gregerson,4,18,65,2017,4,HOU
117,501789,Will Harris,4,20,46,2017,5,HOU
117,605397,Joe Musgrove,4,5,23,2017,6,HOU
117,593140,Michael Feliz,2,2,46,2017,7,HOU
117,624586,James Hoyt,1,7,43,2017,8,HOU
118,516969,Kelvin Herrera,31,4,64,2017,1,KC
118,543506,Brandon Maurer,23,2,42,2017,2,KC
118,501985,Mike Minor,9,17,65,2017,3,KC
118,491703,Neftalí Feliz,9,0,29,2017,4,KC
118,465657,Joakim Soria,8,20,59,2017,5,KC
118,518397,Scott Alexander,6,9,58,2017,6,KC
118,488748,Ryan Buchter,3,15,42,2017,7,KC
118,493247,Peter Moylan,1,24,79,2017,8,KC
119,445276,Kenley Jansen,42,1,65,2017,1,LAD
119,453265,Tony Watson,17,6,47,2017,2,LAD
119,451661,Josh Fields,5,15,57,2017,3,LAD
119,548389,Ross Stripling,5,5,47,2017,4,LAD
119,501822,Chris Hatcher,4,9,23,2017,5,LAD
119,520980,Pedro Báez,3,23,66,2017,6,LAD
119,453344,Brandon Morrow,3,10,45,2017,7,LAD
119,501593,Luis Avilán,2,13,61,2017,8,LAD
120,445213,Brandon Kintzler,32,0,45,2017,1,WSH
120,448281,Sean Doolittle,22,1,30,2017,2,WSH
120,595014,Blake Treinen,16,5,35,2017,3,WSH
120,606983,Koda Glover,10,5,23,2017,4,WSH
120,458006,Matt Albers,6,14,63,2017,5,WSH
120,518875,Shawn Kelley,6,2,33,2017,6,WSH
120,544836,Enny Romero,4,10,53,2017,7,WSH
120,425492,Ryan Madson,4,14,40,2017,8,WSH
121,573109,AJ Ramos,22,0,40,2017,1,NYM
121,592665,Addison Reed,21,4,48,2017,2,NYM
121,460283,Jerry Blevins,8,19,75,2017,3,NYM
121,544727,Jeurys Familia,7,2,26,2017,4,NYM
121,623149,Paul Sewald,3,13,57,2017,5,NYM
121,570663,Hansel Robles,2,5,46,2017,6,NYM
121,477569,Fernando Salas,1,11,48,2017,7,NYM
121,572831,Josh Edgin,1,4,46,2017,8,NYM
133,433586,Santiago Casilla,23,4,63,2017,1,OAK
133,448281,Sean Doolittle,22,1,30,2017,2,OAK
133,595014,Blake Treinen,16,5,35,2017,3,OAK
133,521230,Liam Hendriks,4,16,70,2017,4,OAK
133,425492,Ryan Madson,4,14,40,2017,5,OAK
133,501822,Chris Hatcher,4,9,23,2017,6,OAK
133,623430,Ryan Dull,2,20,49,2017,7,OAK
133,543056,Danny Coulombe,1,13,72,2017,8,OAK
134,553878,Felipe Vázquez,23,14,73,2017,1,PIT
134,453265,Tony Watson,17,6,47,2017,2,PIT
134,504379,Juan Nicasio,6,22,65,2017,3,PIT
134,502004,George Kontos,5,5,50,2017,4,PIT
134,276542,Joaquín Benoit,5,13,44,2017,5,PIT
134,453281,Wade LeBlanc,3,4,50,2017,6,PIT
134,543339,Daniel Hudson,2,21,71,2017,7,PIT
134,519263,A.J. Schugel,1,4,32,2017,8,PIT
135,543272,Brad Hand,26,16,72,2017,1,SD
135,543506,Brandon Maurer,23,2,42,2017,2,SD
135,489446,Kirby Yates,4,20,61,2017,3,SD
135,488748,Ryan Buchter,3,15,42,2017,4,SD
135,600526,José Torres,2,3,62,2017,5,SD
135,489334,Craig Stammen,2,11,60,2017,6,SD
135,664208,Phil Maton,1,8,46,2017,7,SD
135,475243,Travis Wood,1,1,25,2017,8,SD
136,621242,Edwin Díaz,39,2,66,2017,1,SEA
136,475479,David Phelps,6,18,44,2017,2,SEA
136,656186,Dan Altavilla,4,2,41,2017,3,SEA
136,518553,Steve Cishek,4,6,23,2017,4,SEA
136,519240,Marc Rzepczynski,3,20,64,2017,5,SEA
136,572021,James Pazos,3,10,59,2017,6,SEA
136,543883,Nick Vincent,2,29,69,2017,7,SEA
136,543964,Tony Zych,2,12,45,2017,8,SEA
137,473879,Sam Dyson,17,1,38,2017,1,SF
137,453343,Mark Melancon,16,5,32,2017,2,SF
137,571882,Derek Law,6,5,41,2017,3,SF
137,502004,George Kontos,5,5,50,2017,4,SF
137,519326,Hunter Strickland,3,21,68,2017,5,SF
137,544150,Albert Suárez,3,0,18,2017,6,SF
137,608717,Chris Stratton,2,0,3,2017,7,SF
137,518715,Cory Gearrin,1,8,68,2017,8,SF
138,493200,Seunghwan Oh,24,7,62,2017,1,STL
138,572096,Trevor Rosenthal,13,12,50,2017,2,STL
138,446399,Brett Cecil,7,14,73,2017,3,STL
138,504379,Juan Nicasio,6,22,65,2017,4,STL
138,621199,Matt Bowman,5,23,75,2017,5,STL
138,544928,Tyler Lyons,4,15,50,2017,6,STL
138,605154,John Brebbia,1,5,50,2017,7,STL
138,543779,Kevin Siegrist,1,6,39,2017,8,STL
139,517008,Alex Colomé,53,1,65,2017,1,TB
139,518553,Steve Cishek,4,6,23,2017,2,TB
139,595032,Chase Whitley,3,7,41,2017,3,TB
139,471822,Jumbo Díaz,3,6,31,2017,4,TB
139,458584,Xavier Cedeño,3,0,9,2017,5,TB
139,502202,Brad Boxberger,2,5,30,2017,6,TB
139,643493,Austin Pruitt,2,1,22,2017,7,TB
139,541640,Erasmo Ramírez,2,7,18,2017,8,TB
140,473879,Sam Dyson,17,1,38,2017,1,TEX
140,592222,Alex Claudio,15,8,69,2017,2,TEX
140,456713,Matt Bush,15,10,57,2017,3,TEX
140,501817,Tony Barnette,6,4,50,2017,4,TEX
140,600917,José Leclerc,3,10,47,2017,5,TEX
140,605309,Keone Kela,3,11,39,2017,6,TEX
140,276351,Jason Grilli,3,1,26,2017,7,TEX
140,600965,Ricardo Rodríguez,3,1,16,2017,8,TEX
141,532077,Roberto Osuna,49,0,66,2017,1,TOR
141,608678,Dominic Leone,5,11,65,2017,2,TOR
141,572193,Ryan Tepera,4,17,73,2017,3,TOR
141,592130,Danny Barnes,4,11,60,2017,4,TOR
141,607352,Joe Biagini,4,10,26,2017,5,TOR
141,276351,Jason Grilli,3,1,26,2017,6,TOR
141,501925,Joe Smith,1,13,38,2017,7,TOR
141,596271,Casey Lawrence,1,0,23,2017,8,TOR
142,445213,Brandon Kintzler,32,0,45,2017,1,MIN
142,279571,Matt Belisle,13,17,62,2017,2,MIN
142,573124,Taylor Rogers,4,30,69,2017,3,MIN
142,608648,Tyler Duffey,3,12,56,2017,4,MIN
142,657610,Trevor Hildenberger,3,12,37,2017,5,MIN
142,519151,Ryan Pressly,1,6,57,2017,6,MIN
142,444520,Craig Breslow,1,0,30,2017,7,MIN
142,641427,Alan Busenitz,1,2,28,2017,8,MIN
143,593576,Héctor Neris,29,4,74,2017,1,PHI
143,472610,Luis García,7,14,66,2017,2,PHI
143,504379,Juan Nicasio,6,22,65,2017,3,PHI
143,276542,Joaquín Benoit,5,13,44,2017,4,PHI
143,591693,Edubray Ramos,3,9,59,2017,5,PHI
143,450212,Pat Neshek,3,10,43,2017,6,PHI
143,491646,Jeanmar Gómez,3,0,18,2017,7,PHI
143,570257,Joely Rodríguez,2,3,26,2017,8,PHI
144,462382,Jim Johnson,31,1,61,2017,1,ATL
144,527055,Arodys Vizcaíno,17,17,62,2017,2,ATL
144,542432,José Ramirez,5,27,68,2017,3,ATL
144,518693,Sam Freeman,3,12,58,2017,4,ATL
144,435400,Jason Motte,3,5,46,2017,5,ATL
144,571871,Ian Krol,0,3,51,2017,6,ATL
144,592426,Luke Jackson,0,1,43,2017,7,ATL
144,571521,Rex Brothers,0,2,27,2017,8,ATL
145,502085,David Robertson,14,0,31,2017,1,CWS
145,573668,Juan Minaya,10,2,40,2017,2,CWS
145,461325,Tyler Clippard,6,8,40,2017,3,CWS
145,592454,Tommy Kahnle,4,7,37,2017,4,CWS
145,461872,Anthony Swarzak,3,10,41,2017,5,CWS
145,571476,Chris Beck,1,3,57,2017,6,CWS
145,500872,Gregory Infante,1,5,52,2017,7,CWS
145,543359,Dan Jennings,1,7,48,2017,8,CWS
146,573109,AJ Ramos,22,0,40,2017,1,MIA
146,446899,Brad Ziegler,16,7,53,2017,2,MIA
146,475479,David Phelps,6,18,44,2017,3,MIA
146,607457,Kyle Barraclough,5,22,66,2017,4,MIA
146,430661,Dustin McGowan,3,3,63,2017,5,MIA
146,547749,Junichi Tazawa,3,9,55,2017,6,MIA
146,606424,Jarlín García,1,15,68,2017,7,MIA
146,623395,Brian Ellington,1,6,42,2017,8,MIA
147,547973,Aroldis Chapman,26,1,52,2017,1,NYY
147,502085,David Robertson,14,0,31,2017,2,NYY
147,476454,Dellin Betances,13,19,66,2017,3,NYY
147,461325,Tyler Clippard,6,8,40,2017,4,NYY
147,476589,Adam Warren,4,11,46,2017,5,NYY
147,592454,Tommy Kahnle,4,7,37,2017,6,NYY
147,656547,Jonathan Holder,2,4,37,2017,7,NYY
147,592741,Chasen Shreve,1,1,44,2017,8,NYY
158,608349,Corey Knebel,45,11,76,2017,1,MIL
158,491703,Neftalí Feliz,9,0,29,2017,2,MIL
158,606930,Jacob Barnes,7,25,73,2017,3,MIL
158,448614,Carlos Torres,4,13,67,2017,4,MIL
158,453172,Jared Hughes,4,12,67,2017,5,MIL
158,543118,Oliver Drake,4,6,61,2017,6,MIL
158,461872,Anthony Swarzak,3,10,41,2017,7,MIL
158,623352,Josh Hader,1,12,35,2017,8,MIL
108,453284,Blake Parker,17,6,67,2018,1,LAA
108,592135,Cam Bedrosian,8,11,71,2018,2,LAA
108,641871,Keynan Middleton,7,2,16,2018,3,LAA
108,605121,Justin Anderson,6,22,57,2018,4,LAA
108,621142,Ty Buttrey,6,6,16,2018,5,LAA
108,462382,Jim Johnson,5,8,61,2018,6,LAA
108,501625,Jose Alvarez,4,14,76,2018,7,LAA
108,598287,Noé Ramirez,4,6,68,2018,8,LAA
109,502202,Brad Boxberger,40,1,60,2018,1,ARI
109,605151,Archie Bradley,11,34,76,2018,2,ARI
109,446899,Brad Ziegler,11,11,53,2018,3,ARI
109,673633,Yoshihisa Hirano,7,32,75,2018,4,ARI
109,611093,Silvino Bracho,4,2,31,2018,5,ARI
109,518617,Jake Diekman,3,14,47,2018,6,ARI
109,519008,T.J. McFarland,1,1,47,2018,7,ARI
109,407822,Jorge De La Rosa,1,6,42,2018,8,ARI
110,571710,Mychal Givens,13,15,69,2018,1,BAL
110,542960,Brad Brach,13,3,42,2018,2,BAL
110,502154,Zack Britton,5,8,25,2018,3,BAL
110,643316,Paul Fry,4,9,35,2018,4,BAL
110,503285,Darren O'Day,4,4,20,2018,5,BAL
110,656945,Tanner Scott,3,5,53,2018,6,BAL
110,612434,Miguel Castro,2,5,62,2018,7,BAL
110,542947,Richard Bleier,1,9,31,2018,8,BAL
111,518886,Craig Kimbrel,47,0,63,2018,1,BOS
111,523260,Joe Kelly,7,21,73,2018,2,BOS
111,592390,Heath Hembree,3,20,67,2018,3,BOS
111,598264,Matt Barnes,3,25,62,2018,4,BOS
111,518489,Ryan Brasier,2,10,34,2018,5,BOS
111,598271,Brian Johnson,1,2,25,2018,6,BOS
111,605476,Carson Smith,1,5,18,2018,7,BOS
111,453214,Steven Wright,1,2,16,2018,8,BOS
112,453344,Brandon Morrow,24,0,35,2018,1,CHC
112,467008,Pedro Strop,17,9,60,2018,2,CHC
112,518553,Steve Cishek,7,25,80,2018,3,CHC
112,445213,Brandon Kintzler,5,15,45,2018,4,CHC
112,445926,Jesse Chavez,5,4,32,2018,5,CHC
112,458677,Justin Wilson,3,16,71,2018,6,CHC
112,488846,Brian Duensing,3,3,48,2018,7,CHC
112,605218,Carl Edwards Jr.,2,23,58,2018,8,CHC
113,628452,Raisel Iglesias,34,0,66,2018,1,CIN
113,453172,Jared Hughes,11,15,72,2018,2,CIN
113,456696,David Hernandez,6,15,57,2018,3,CIN
113,607237,Amir Garrett,2,21,66,2018,4,CIN
113,547179,Michael Lorenzen,2,8,42,2018,5,CIN
113,605538,Matt Wisler,1,0,11,2018,6,CIN
113,608371,Lucas Sims,1,0,6,2018,7,CIN
113,594992,Kevin Shackelford,1,0,5,2018,8,CIN
114,592102,Cody Allen,32,7,70,2018,1,CLE
114,543272,Brad Hand,29,3,41,2018,2,CLE
114,453192,Andrew Miller,5,10,37,2018,3,CLE
114,519096,Dan Otero,3,1,61,2018,4,CLE
114,502004,George Kontos,2,5,21,2018,5,CLE
114,519166,Neil Ramírez,1,13,47,2018,6,CLE
114,643256,Adam Cimber,1,5,42,2018,7,CLE
114,502083,Zach McAllister,1,4,41,2018,8,CLE
115,451584,Wade Davis,49,0,69,2018,1,COL
115,493603,Adam Ottavino,11,34,75,2018,2,COL
115,543766,Bryan Shaw,5,13,61,2018,3,COL
115,493200,Seunghwan Oh,5,13,48,2018,4,COL
115,623184,Scott Oberg,4,14,56,2018,5,COL
115,459429,Jake McGee,3,14,61,2018,6,COL
115,543734,Chris Rusin,1,7,49,2018,7,COL
115,572044,Brooks Pounders,1,0,14,2018,8,COL
116,572888,Shane Greene,38,0,66,2018,1,DET
116,641729,Joe Jiménez,7,23,68,2018,2,DET
116,543935,Alex Wilson,4,14,59,2018,3,DET
116,621385,Daniel Stumpf,3,11,56,2018,4,DET
116,488786,Louis Coleman,3,6,51,2018,5,DET
116,599683,Warwick Saupold,3,1,31,2018,6,DET
116,572403,Drew VerHagen,2,3,40,2018,7,DET
116,502083,Zach McAllister,1,4,41,2018,8,DET
117,444468,Héctor Rondón,22,9,63,2018,1,HOU
117,571704,Ken Giles,14,0,21,2018,2,HOU
117,532077,Roberto Osuna,12,2,23,2018,3,HOU
117,502748,Brad Peacock,6,10,60,2018,4,HOU
117,606965,Chris Devenski,5,18,49,2018,5,HOU
117,519151,Ryan Pressly,4,8,51,2018,6,HOU
117,501789,Will Harris,3,15,61,2018,7,HOU
117,501925,Joe Smith,2,11,56,2018,8,HOU
118,516969,Kelvin Herrera,16,0,27,2018,1,KC
118,503449,Wily Peralta,14,1,37,2018,2,KC
118,543506,Brandon Maurer,7,3,37,2018,3,KC
118,657612,Tim Hill,4,13,70,2018,4,KC
118,641838,Kevin McCarthy,4,15,65,2018,5,KC
118,543169,Brian Flynn,2,4,48,2018,6,KC
118,592094,Jason Adam,2,2,31,2018,7,KC
118,641745,Brad Keller,2,5,21,2018,8,KC
119,445276,Kenley Jansen,42,0,69,2018,1,LAD
119,425492,Ryan Madson,7,14,49,2018,2,LAD
119,518397,Scott Alexander,6,21,72,2018,3,LAD
119,608638,JT Chargois,4,7,39,2018,4,LAD
119,451661,Josh Fields,3,8,45,2018,5,LAD
119,657571,Caleb Ferguson,3,5,26,2018,6,LAD
119,571561,Tony Cingrani,2,11,30,2018,7,LAD
119,592340,Erik Goeddel,2,5,26,2018,8,LAD
120,448281,Sean Doolittle,26,1,43,2018,1,WSH
120,516969,Kelvin Herrera,16,0,27,2018,2,WSH
120,425492,Ryan Madson,7,14,49,2018,3,WSH
120,445213,Brandon Kintzler,5,15,45,2018,4,WSH
120,519301,Sammy Solís,4,13,56,2018,5,WSH
120,502522,Justin Miller,3,11,51,2018,6,WSH
120,518813,Greg Holland,3,2,32,2018,7,WSH
120,518875,Shawn Kelley,1,1,35,2018,8,WSH
121,544727,Jeurys Familia,21,1,40,2018,1,NYM
121,607229,Robert Gsellman,20,15,68,2018,2,NYM
121,461872,Anthony Swarzak,5,2,29,2018,3,NYM
121,607625,Seth Lugo,4,11,49,2018,4,NYM
121,623149,Paul Sewald,4,2,46,2018,5,NYM
121,570663,Hansel Robles,3,7,37,2018,6,NYM
121,642008,Jacob Rhame,2,2,30,2018,7,NYM
121,622098,Drew Smith,2,4,27,2018,8,NYM
133,595014,Blake Treinen,43,0,68,2018,1,OAK
133,407845,Fernando Rodney,31,0,46,2018,2,OAK
133,544727,Jeurys Familia,21,1,40,2018,3,OAK
133,642152,Lou Trivino,9,23,68,2018,4,OAK
133,518715,Cory Gearrin,3,2,35,2018,5,OAK
133,433589,Yusmeiro Petit,2,16,74,2018,6,OAK
133,501822,Chris Hatcher,2,1,34,2018,7,OAK
133,518875,Shawn Kelley,1,1,35,2018,8,OAK
134,553878,Felipe Vázquez,42,0,70,2018,1,PIT
134,605309,Keone Kela,25,0,38,2018,2,PIT
134,650828,Edgar Santana,7,20,69,2018,3,PIT
134,605195,Kyle Crick,3,16,64,2018,4,PIT
134,593140,Michael Feliz,2,12,47,2018,5,PIT
134,502004,George Kontos,2,5,21,2018,6,PIT
134,596720,Dovydas Neverauskas,1,2,25,2018,7,PIT
134,605280,Clay Holmes,1,0,7,2018,8,PIT
135,543272,Brad Hand,29,3,41,2018,1,SD
135,489446,Kirby Yates,13,16,65,2018,2,SD
135,489334,Craig Stammen,5,23,73,2018,3,SD
135,622259,Trey Wingenter,2,5,22,2018,4,SD
135,664208,Phil Maton,1,3,45,2018,5,SD
135,643256,Adam Cimber,1,5,42,2018,6,SD
135,620454,José Castillo,1,12,37,2018,7,SD
135,476594,Robert Stock,1,4,32,2018,8,SD
136,621242,Edwin Díaz,61,0,73,2018,1,SEA
136,517008,Alex Colomé,13,0,23,2018,2,SEA
136,504379,Juan Nicasio,7,19,46,2018,3,SEA
136,435043,Zach Duke,3,12,45,2018,4,SEA
136,543883,Nick Vincent,2,15,61,2018,5,SEA
136,572021,James Pazos,2,19,60,2018,6,SEA
136,592340,Erik Goeddel,2,5,26,2018,7,SEA
136,518748,Justin Grimm,2,3,16,2018,8,SEA
137,519293,Will Smith,18,6,54,2018,1,SF
137,519326,Hunter Strickland,18,0,49,2018,2,SF
137,473879,Sam Dyson,8,15,74,2018,3,SF
137,453343,Mark Melancon,7,8,41,2018,4,SF
137,606625,Reyes Moronta,6,12,69,2018,5,SF
137,453265,Tony Watson,4,32,72,2018,6,SF
137,518715,Cory Gearrin,3,2,35,2018,7,SF
137,605143,Ray Black,1,1,26,2018,8,SF
138,502032,Bud Norris,33,2,64,2018,1,STL
138,663855,Jordan Hicks,13,24,73,2018,2,STL
138,593372,Carlos Martinez,5,3,15,2018,3,STL
138,518813,Greg Holland,3,2,32,2018,4,STL
138,605154,John Brebbia,2,5,45,2018,5,STL
138,608678,Dominic Leone,2,5,29,2018,6,STL
138,544928,Tyler Lyons,2,9,27,2018,7,STL
138,621199,Matt Bowman,2,5,22,2018,8,STL
139,489265,Sergio Romo,33,8,68,2018,1,TB
139,517008,Alex Colomé,13,0,23,2018,2,TB
139,621237,José Alvarado,12,31,70,2018,3,TB
139,592473,Adam Kolarek,5,11,31,2018,4,TB
139,643493,Austin Pruitt,5,0,23,2018,5,TB
139,458924,Jonny Venters,3,10,28,2018,6,TB
139,475054,Chaz Roe,2,31,61,2018,7,TB
139,650895,Diego Castillo,2,10,32,2018,8,TB
140,605309,Keone Kela,25,0,38,2018,1,TEX
140,600917,José Leclerc,16,15,59,2018,2,TEX
140,445926,Jesse Chavez,5,4,32,2018,3,TEX
140,592222,Alex Claudio,3,14,65,2018,4,TEX
140,518617,Jake Diekman,3,14,47,2018,5,TEX
140,455119,Chris Martin,3,14,46,2018,6,TEX
140,518715,Cory Gearrin,3,2,35,2018,7,TEX
140,572750,Eddie Butler,2,2,22,2018,8,TEX
141,572193,Ryan Tepera,15,19,68,2018,1,TOR
141,571704,Ken Giles,14,0,21,2018,2,TOR
141,461325,Tyler Clippard,13,15,72,2018,3,TOR
141,532077,Roberto Osuna,12,2,23,2018,4,TOR
141,493200,Seunghwan Oh,5,13,48,2018,5,TOR
141,592130,Danny Barnes,2,8,47,2018,6,TOR
141,543118,Oliver Drake,1,0,11,2018,7,TOR
141,571901,Aaron Loup,0,9,50,2018,8,TOR
142,407845,Fernando Rodney,31,0,46,2018,1,MIN
142,657610,Trevor Hildenberger,11,17,73,2018,2,MIN
142,573124,Taylor Rogers,4,18,72,2018,3,MIN
142,592665,Addison Reed,4,10,55,2018,4,MIN
142,519151,Ryan Pressly,4,8,51,2018,5,MIN
142,435043,Zach Duke,3,12,45,2018,6,MIN
142,543507,Trevor May,3,5,23,2018,7,MIN
142,622382,Gabriel Moya,2,3,29,2018,8,MIN
143,622554,Seranthony Domínguez,20,14,53,2018,1,PHI
143,593576,Héctor Neris,14,4,53,2018,2,PHI
143,488984,Tommy Hunter,6,25,65,2018,3,PHI
143,450212,Pat Neshek,6,6,30,2018,4,PHI
143,644364,Víctor Arano,5,10,60,2018,5,PHI
143,605388,Adam Morgan,4,14,67,2018,6,PHI
143,472610,Luis García,4,13,59,2018,7,PHI
143,501593,Luis Avilán,4,9,58,2018,8,PHI
144,527055,Arodys Vizcaíno,18,1,39,2018,1,ATL
144,621345,A.J. Minter,17,12,65,2018,2,ATL
144,542960,Brad Brach,13,3,42,2018,3,ATL
144,595465,Dan Winkler,5,23,69,2018,4,ATL
144,592145,Jesse Biddle,4,12,60,2018,5,ATL
144,518693,Sam Freeman,3,9,63,2018,6,ATL
144,458924,Jonny Venters,3,10,28,2018,7,ATL
144,641438,Shane Carle,2,14,53,2018,8,ATL
145,465657,Joakim Soria,19,2,40,2018,1,CWS
145,518858,Nate Jones,8,6,33,2018,2,CWS
145,605240,Jace Fry,5,16,58,2018,3,CWS
145,501593,Luis Avilán,4,9,58,2018,4,CWS
145,573668,Juan Minaya,4,8,52,2018,5,CWS
145,502327,Héctor Santiago,2,0,42,2018,6,CWS
145,541652,Bruce Rondón,2,5,35,2018,7,CWS
145,458584,Xavier Cedeño,2,7,33,2018,8,CWS
146,607457,Kyle Barraclough,17,10,61,2018,1,MIA
146,446899,Brad Ziegler,11,11,53,2018,2,MIA
146,608716,Drew Steckenrider,10,19,71,2018,3,MIA
146,543045,Adam Conley,6,16,52,2018,4,MIA
146,594027,Tayron Guerrero,4,9,60,2018,5,MIA
146,607968,Drew Rucinski,1,4,32,2018,6,MIA
146,457915,Javy Guerra,1,1,32,2018,7,MIA
146,605255,Brett Graves,1,0,21,2018,8,MIA
147,547973,Aroldis Chapman,34,1,55,2018,1,NYY
147,502085,David Robertson,9,21,69,2018,2,NYY
147,476454,Dellin Betances,7,20,66,2018,3,NYY
147,502154,Zack Britton,5,8,25,2018,4,NYY
147,643338,Chad Green,4,13,63,2018,5,NYY
147,592454,Tommy Kahnle,2,2,24,2018,6,NYY
147,502004,George Kontos,2,5,21,2018,7,NYY
147,570666,Luis Cessa,2,1,11,2018,8,NYY
158,502026,Jeremy Jeffress,20,18,73,2018,1,MIL
158,608349,Corey Knebel,19,7,57,2018,2,MIL
158,465657,Joakim Soria,19,2,40,2018,3,MIL
158,623352,Josh Hader,17,21,55,2018,4,MIL
158,606930,Jacob Barnes,4,4,49,2018,5,MIL
158,543359,Dan Jennings,3,11,71,2018,6,MIL
158,458006,Matt Albers,2,7,34,2018,7,MIL
158,458584,Xavier Cedeño,2,7,33,2018,8,MIL
108,570663,Hansel Robles,27,2,70,2019,1,LAA
108,621142,Ty Buttrey,6,26,72,2019,2,LAA
108,592135,Cam Bedrosian,4,15,52,2019,3,LAA
108,592102,Cody Allen,4,0,25,2019,4,LAA
108,472610,Luis García,3,6,62,2019,5,LAA
108,605121,Justin Anderson,2,13,54,2019,6,LAA
108,572703,Luke Bard,1,1,29,2019,7,LAA
108,606167,Adalberto Mejía,1,2,13,2019,8,LAA
109,518813,Greg Holland,22,0,40,2019,1,ARI
109,605151,Archie Bradley,21,7,65,2019,2,ARI
109,673633,Yoshihisa Hirano,6,15,62,2019,3,ARI
109,605177,Andrew Chafin,4,23,77,2019,4,ARI
109,661255,Yoan López,4,21,70,2019,5,ARI
109,542882,Matt Andriese,4,4,54,2019,6,ARI
109,656464,Kevin Ginkel,2,8,25,2019,7,ARI
109,643327,Zack Godley,2,0,18,2019,8,ARI
110,571710,Mychal Givens,19,7,58,2019,1,BAL
110,542888,Shawn Armstrong,9,9,51,2019,2,BAL
110,643316,Paul Fry,8,11,66,2019,3,BAL
110,612434,Miguel Castro,5,9,65,2019,4,BAL
110,542947,Richard Bleier,5,5,52,2019,5,BAL
110,605541,Mike Wright Jr.,2,0,10,2019,6,BAL
110,571858,Branden Kline,1,5,34,2019,7,BAL
110,656945,Tanner Scott,1,2,28,2019,8,BAL
111,519443,Brandon Workman,22,15,73,2019,1,BOS
111,598264,Matt Barnes,12,26,70,2019,2,BOS
111,518489,Ryan Brasier,11,10,62,2019,3,BOS
111,519393,Marcus Walden,6,8,70,2019,4,BOS
111,592390,Heath Hembree,3,4,45,2019,5,BOS
111,657031,Josh Taylor,2,6,51,2019,6,BOS
111,595001,Josh A. Smith,2,0,16,2019,7,BOS
111,605155,Colten Brewer,1,6,58,2019,8,BOS
112,467008,Pedro Strop,16,6,50,2019,1,CHC
112,518886,Craig Kimbrel,16,0,23,2019,2,CHC
112,518553,Steve Cishek,11,11,70,2019,3,CHC
112,543022,Tyler Chatwood,4,4,33,2019,4,CHC
112,445213,Brandon Kintzler,3,17,62,2019,5,CHC
112,475479,David Phelps,3,1,24,2019,6,CHC
112,594986,Kyle Ryan,2,14,73,2019,7,CHC
112,542960,Brad Brach,2,4,42,2019,8,CHC
113,628452,Raisel Iglesias,40,3,68,2019,1,CIN
113,547179,Michael Lorenzen,11,21,73,2019,2,CIN
113,456696,David Hernandez,5,12,47,2019,3,CIN
113,596112,Robert Stephenson,4,11,57,2019,4,CIN
113,607237,Amir Garrett,3,22,69,2019,5,CIN
113,453172,Jared Hughes,3,4,47,2019,6,CIN
113,607219,Sal Romano,2,1,12,2019,7,CIN
113,593974,Wandy Peralta,1,2,39,2019,8,CIN
114,543272,Brad Hand,39,0,60,2019,1,CLE
114,621295,Nick Wittgren,6,12,55,2019,2,CLE
114,424144,Oliver Pérez,5,22,67,2019,3,CLE
114,643256,Adam Cimber,3,19,68,2019,4,CLE
114,471911,Carlos Carrasco,2,1,11,2019,5,CLE
114,621397,Tyler Olson,1,1,39,2019,6,CLE
114,595918,A.J. Cole,1,0,25,2019,7,CLE
114,621056,Hunter Wood,1,1,17,2019,8,CLE
115,451584,Wade Davis,18,0,50,2019,1,COL
115,545064,Jairo Díaz,8,7,56,2019,2,COL
115,623184,Scott Oberg,8,8,49,2019,3,COL
115,543766,Bryan Shaw,7,12,70,2019,4,COL
115,518452,Chad Bettis,3,4,36,2019,5,COL
115,608032,Carlos Estévez,2,11,71,2019,6,COL
115,459429,Jake McGee,2,4,45,2019,7,COL
115,622075,Yency Almonte,2,1,28,2019,8,COL
116,572888,Shane Greene,25,0,38,2019,1,DET
116,641729,Joe Jiménez,14,15,66,2019,2,DET
116,571656,Buck Farmer,3,15,72,2019,3,DET
116,622505,Victor Alcántara,3,10,46,2019,4,DET
116,621385,Daniel Stumpf,2,5,48,2019,5,DET
116,542585,José Cisnero,2,4,35,2019,6,DET
116,598286,Nick Ramirez,1,1,46,2019,7,DET
116,642397,Gregory Soto,1,2,26,2019,8,DET
117,532077,Roberto Osuna,44,0,66,2019,1,HOU
117,519151,Ryan Pressly,8,31,55,2019,2,HOU
117,501789,Will Harris,5,26,68,2019,3,HOU
117,444468,Héctor Rondón,3,19,61,2019,4,HOU
117,607352,Joe Biagini,3,10,50,2019,5,HOU
117,657624,Josh James,3,6,48,2019,6,HOU
117,606965,Chris Devenski,1,7,60,2019,7,HOU
117,501925,Joe Smith,1,4,28,2019,8,HOU
118,453178,Ian Kennedy,34,1,63,2019,1,KC
118,641838,Kevin McCarthy,5,6,56,2019,2,KC
118,503449,Wily Peralta,5,5,42,2019,3,KC
118,502202,Brad Boxberger,4,0,29,2019,4,KC
118,605130,Scott Barlow,3,14,61,2019,5,KC
118,518617,Jake Diekman,2,18,48,2019,6,KC
118,657612,Tim Hill,2,9,46,2019,7,KC
118,605347,Jorge López,2,0,21,2019,8,KC
119,445276,Kenley Jansen,41,0,62,2019,1,LAD
119,520980,Pedro Báez,7,25,71,2019,2,LAD
119,523260,Joe Kelly,6,8,55,2019,3,LAD
119,628711,Julio Urías,5,8,29,2019,4,LAD
119,554340,Yimi García,3,4,64,2019,5,LAD
119,571670,Dylan Floro,3,6,50,2019,6,LAD
119,628317,Kenta Maeda,3,4,11,2019,7,LAD
119,594987,Casey Sadler,2,2,23,2019,8,LAD
120,448281,Sean Doolittle,35,2,63,2019,1,WSH
120,606273,Roenis Elías,16,1,44,2019,2,WSH
120,543339,Daniel Hudson,8,3,24,2019,3,WSH
120,593833,Wander Suero,7,19,78,2019,4,WSH
120,407845,Fernando Rodney,5,17,38,2019,5,WSH
120,663432,Tanner Rainey,3,9,52,2019,6,WSH
120,519326,Hunter Strickland,3,0,4,2019,7,WSH
120,607457,Kyle Barraclough,2,8,33,2019,8,WSH
121,621242,Edwin Díaz,33,1,66,2019,1,NYM
121,607625,Seth Lugo,11,21,61,2019,2,NYM
121,607229,Robert Gsellman,5,7,52,2019,3,NYM
121,458677,Justin Wilson,5,9,45,2019,4,NYM
121,544727,Jeurys Familia,4,14,66,2019,5,NYM
121,641341,Tyler Bashlor,3,1,24,2019,6,NYM
121,542960,Brad Brach,2,4,42,2019,7,NYM
121,543193,Drew Gagnon,1,0,18,2019,8,NYM
133,521230,Liam Hendriks,32,8,73,2019,1,OAK
133,595014,Blake Treinen,21,3,57,2019,2,OAK
133,465657,Joakim Soria,6,21,70,2019,3,OAK
133,488748,Ryan Buchter,5,12,64,2019,4,OAK
133,642152,Lou Trivino,5,17,61,2019,5,OAK
133,407845,Fernando Rodney,5,17,38,2019,6,OAK
133,433589,Yusmeiro Petit,2,29,80,2019,7,OAK
133,518617,Jake Diekman,2,18,48,2019,8,OAK
134,553878,Felipe Vázquez,31,0,56,2019,1,PIT
134,605195,Kyle Crick,7,13,52,2019,2,PIT
134,593144,Richard Rodríguez,5,16,72,2019,3,PIT
134,605309,Keone Kela,5,6,32,2019,4,PIT
134,434538,Francisco Liriano,4,12,69,2019,5,PIT
134,593140,Michael Feliz,1,3,57,2019,6,PIT
134,605280,Clay Holmes,1,1,35,2019,7,PIT
134,595897,Nick Burdi,1,0,11,2019,8,PIT
135,489446,Kirby Yates,44,0,60,2019,1,SD
135,489334,Craig Stammen,13,31,76,2019,2,SD
135,622259,Trey Wingenter,4,16,50,2019,3,SD
135,606131,Luis Perdomo,2,7,46,2019,4,SD
135,623364,Brad Wieck,2,8,30,2019,5,SD
135,662253,Andrés Muñoz,2,8,22,2019,6,SD
135,605538,Matt Wisler,2,4,21,2019,7,SD
135,605218,Carl Edwards Jr.,2,4,20,2019,8,SD
136,606273,Roenis Elías,16,1,44,2019,1,SEA
136,542914,Anthony Bass,10,6,44,2019,2,SEA
136,542888,Shawn Armstrong,9,9,51,2019,3,SEA
136,543483,Matt Magill,7,1,22,2019,4,SEA
136,461872,Anthony Swarzak,6,0,15,2019,5,SEA
136,519326,Hunter Strickland,3,0,4,2019,6,SEA
136,592165,Brandon Brennan,2,8,44,2019,7,SEA
136,613534,Austin Adams,2,10,27,2019,8,SEA
137,519293,Will Smith,38,0,63,2019,1,SF
137,453343,Mark Melancon,11,0,23,2019,2,SF
137,606625,Reyes Moronta,5,15,56,2019,3,SF
137,453265,Tony Watson,3,25,60,2019,4,SF
137,473879,Sam Dyson,3,17,49,2019,5,SF
137,641627,Trevor Gott,2,1,50,2019,6,SF
137,607457,Kyle Barraclough,2,8,33,2019,7,SF
137,519141,Drew Pomeranz,2,12,24,2019,8,SF
138,593372,Carlos Martinez,27,3,48,2019,1,STL
138,663855,Jordan Hicks,15,3,29,2019,2,STL
138,453192,Andrew Miller,11,28,73,2019,3,STL
138,607231,John Gant,6,19,64,2019,4,STL
138,606149,Giovanny Gallegos,4,19,66,2019,5,STL
138,658551,Junior Fernández,3,0,13,2019,6,STL
138,608678,Dominic Leone,2,0,40,2019,7,STL
138,605154,John Brebbia,1,13,66,2019,8,STL
139,641941,Emilio Pagán,29,8,66,2019,1,TB
139,650895,Diego Castillo,10,17,59,2019,2,TB
139,621237,José Alvarado,9,8,34,2019,3,TB
139,621363,Colin Poche,8,16,51,2019,4,TB
139,475054,Chaz Roe,6,25,71,2019,5,TB
139,592773,Ryne Stanek,5,5,22,2019,6,TB
139,543118,Oliver Drake,3,13,50,2019,7,TB
139,623433,Nick Anderson,3,9,23,2019,8,TB
140,600917,José Leclerc,18,7,67,2019,1,TEX
140,518875,Shawn Kelley,15,6,50,2019,2,TEX
140,455119,Chris Martin,5,12,38,2019,3,TEX
140,445926,Jesse Chavez,2,8,39,2019,4,TEX
140,664126,Pete Fairbanks,2,3,13,2019,5,TEX
140,656685,Brett Martin,1,5,49,2019,6,TEX
140,606160,Rafael Montero,1,7,22,2019,7,TEX
140,661403,Emmanuel Clase,1,4,20,2019,8,TEX
141,571704,Ken Giles,24,0,53,2019,1,TOR
141,543339,Daniel Hudson,8,3,24,2019,2,TOR
141,571882,Derek Law,6,8,54,2019,3,TOR
141,607352,Joe Biagini,3,10,50,2019,4,TOR
141,475479,David Phelps,3,1,24,2019,5,TOR
141,643327,Zack Godley,2,0,18,2019,6,TOR
141,641835,Tim Mayza,1,18,68,2019,7,TOR
141,457915,Javy Guerra,1,4,40,2019,8,TOR
142,573124,Taylor Rogers,36,10,60,2019,1,MIN
142,489265,Sergio Romo,18,1,38,2019,2,MIN
142,453284,Blake Parker,11,9,37,2019,3,MIN
142,543483,Matt Magill,7,1,22,2019,4,MIN
142,543507,Trevor May,4,17,65,2019,5,MIN
142,607560,Ryne Harper,4,12,61,2019,6,MIN
142,473879,Sam Dyson,3,17,49,2019,7,MIN
142,608648,Tyler Duffey,2,16,58,2019,8,MIN
143,593576,Héctor Neris,34,2,68,2019,1,PHI
143,453284,Blake Parker,11,9,37,2019,2,PHI
143,501625,Jose Alvarez,3,16,66,2019,3,PHI
143,453172,Jared Hughes,3,4,47,2019,4,PHI
143,624133,Ranger Suárez,3,7,37,2019,5,PHI
143,450212,Pat Neshek,3,6,20,2019,6,PHI
143,504379,Juan Nicasio,2,10,47,2019,7,PHI
143,605388,Adam Morgan,2,19,40,2019,8,PHI
144,592426,Luke Jackson,25,9,70,2019,1,ATL
144,572888,Shane Greene,25,0,38,2019,2,ATL
144,453343,Mark Melancon,11,0,23,2019,3,ATL
144,621345,A.J. Minter,7,5,36,2019,4,ATL
144,461872,Anthony Swarzak,6,0,15,2019,5,ATL
144,455119,Chris Martin,5,12,38,2019,6,ATL
144,458708,Josh Tomlin,4,7,50,2019,7,ATL
144,657097,Jacob Webb,4,9,36,2019,8,ATL
145,517008,Alex Colomé,33,0,62,2019,1,CWS
145,605359,Evan Marshall,4,19,55,2019,2,CWS
145,607481,Aaron Bummer,3,27,58,2019,3,CWS
145,516969,Kelvin Herrera,3,6,57,2019,4,CWS
145,605240,Jace Fry,2,11,68,2019,5,CWS
145,592612,Josh Osich,2,2,57,2019,6,CWS
145,614179,José Ruiz,1,1,39,2019,7,CWS
145,518858,Nate Jones,1,2,13,2019,8,CWS
146,489265,Sergio Romo,18,1,38,2019,1,MIA
146,592773,Ryne Stanek,5,5,22,2019,2,MIA
146,570632,José Ureña,5,0,11,2019,3,MIA
146,543045,Adam Conley,4,6,60,2019,4,MIA
146,594027,Tayron Guerrero,4,6,52,2019,5,MIA
146,641755,Tyler Kinley,3,1,52,2019,6,MIA
146,623433,Nick Anderson,3,9,23,2019,7,MIA
146,650671,José Quijada,2,4,34,2019,8,MIA
147,547973,Aroldis Chapman,42,0,60,2019,1,NYY
147,493603,Adam Ottavino,9,28,73,2019,2,NYY
147,502154,Zack Britton,7,29,66,2019,3,NYY
147,592454,Tommy Kahnle,5,27,72,2019,4,NYY
147,605501,Stephen Tarpley,3,2,20,2019,5,NYY
147,664856,Chance Adams,3,0,13,2019,6,NYY
147,643338,Chad Green,2,4,39,2019,7,NYY
147,656547,Jonathan Holder,2,4,33,2019,8,NYY
158,623352,Josh Hader,44,6,61,2019,1,MIL
158,448855,Junior Guerra,11,20,72,2019,2,MIL
158,458006,Matt Albers,6,10,67,2019,3,MIL
158,502026,Jeremy Jeffress,4,12,48,2019,4,MIL
158,592222,Alex Claudio,3,22,83,2019,5,MIL
158,642547,Freddy Peralta,2,5,31,2019,6,MIL
158,519141,Drew Pomeranz,2,12,24,2019,7,MIL
158,605143,Ray Black,2,2,15,2019,8,MIL
108,621142,Ty Buttrey,9,2,27,2020,1,LAA
108,570240,Félix Peña,5,4,25,2020,2,LAA
108,594577,Mike Mayers,4,5,29,2020,3,LAA
108,570663,Hansel Robles,3,0,18,2020,4,LAA
108,542882,Matt Andriese,3,3,15,2020,5,LAA
108,598287,Noé Ramirez,1,1,21,2020,6,LAA
108,650671,José Quijada,1,1,6,2020,7,LAA
108,571948,Hoby Milner,0,2,19,2020,8,LAA
109,592233,Stefan Crichton,7,2,26,2020,1,ARI
109,605151,Archie Bradley,7,0,10,2020,2,ARI
109,448855,Junior Guerra,2,4,25,2020,3,ARI
109,656464,Kevin Ginkel,2,0,19,2020,4,ARI
109,605177,Andrew Chafin,2,3,11,2020,5,ARI
109,444468,Héctor Rondón,1,7,23,2020,6,ARI
109,664157,Travis Bergen,1,0,7,2020,7,ARI
109,661255,Yoan López,0,2,20,2020,8,ARI
110,642121,Cole Sulser,8,1,19,2020,1,BAL
110,612434,Miguel Castro,3,4,16,2020,2,BAL
110,571710,Mychal Givens,3,1,10,2020,3,BAL
110,491624,César Valdez,3,0,9,2020,4,BAL
110,656945,Tanner Scott,2,5,25,2020,5,BAL
110,664042,Travis Lakins Sr.,1,1,22,2020,6,BAL
110,664045,Thomas Eshelman,1,0,8,2020,7,BAL
110,643316,Paul Fry,0,5,22,2020,8,BAL
111,598264,Matt Barnes,13,4,24,2020,1,BOS
111,519443,Brandon Workman,8,1,14,2020,2,BOS
111,518489,Ryan Brasier,2,10,24,2020,3,BOS
111,519393,Marcus Walden,2,2,15,2020,4,BOS
111,657031,Josh Taylor,2,1,8,2020,5,BOS
111,570488,Phillips Valdez,1,5,24,2020,6,BOS
111,605488,Jeffrey Springs,1,1,16,2020,7,BOS
111,592390,Heath Hembree,1,1,11,2020,8,BOS
112,502026,Jeremy Jeffress,10,3,22,2020,1,CHC
112,592858,Rowan Wick,4,5,19,2020,2,CHC
112,518886,Craig Kimbrel,3,3,18,2020,3,CHC
112,605177,Andrew Chafin,2,3,11,2020,4,CHC
112,572193,Ryan Tepera,1,3,21,2020,5,CHC
112,594986,Kyle Ryan,1,4,18,2020,6,CHC
112,595465,Dan Winkler,1,1,18,2020,7,CHC
112,621249,Duane Underwood Jr.,0,1,17,2020,8,CHC
113,628452,Raisel Iglesias,10,2,22,2020,1,CIN
113,605151,Archie Bradley,7,0,10,2020,2,CIN
113,607237,Amir Garrett,2,6,21,2020,3,CIN
113,608371,Lucas Sims,2,5,20,2020,4,CIN
113,548384,Brooks Raley,1,6,17,2020,5,CIN
113,547179,Michael Lorenzen,1,2,16,2020,6,CIN
113,622088,Tejay Antone,1,1,9,2020,7,CIN
113,518858,Nate Jones,0,4,21,2020,8,CIN
114,543272,Brad Hand,16,1,23,2020,1,CLE
114,675916,James Karinchak,4,8,27,2020,2,CLE
114,424144,Oliver Pérez,2,3,21,2020,3,CLE
114,621295,Nick Wittgren,1,10,25,2020,4,CLE
114,664208,Phil Maton,1,4,23,2020,5,CLE
114,657611,Cam Hill,1,2,18,2020,6,CLE
114,608678,Dominic Leone,1,3,12,2020,7,CLE
114,615698,Cal Quantrill,1,1,9,2020,8,CLE
115,453268,Daniel Bard,6,2,23,2020,1,COL
115,608032,Carlos Estévez,4,6,26,2020,2,COL
115,545064,Jairo Díaz,4,3,24,2020,3,COL
115,622075,Yency Almonte,3,4,24,2020,4,COL
115,571710,Mychal Givens,3,1,10,2020,5,COL
115,451584,Wade Davis,3,0,5,2020,6,COL
115,656546,Jeff Hoffman,1,0,16,2020,7,COL
115,641755,Tyler Kinley,0,4,24,2020,8,COL
116,650530,Bryan Garcia,6,3,26,2020,1,DET
116,641729,Joe Jiménez,6,4,25,2020,2,DET
116,642397,Gregory Soto,3,4,27,2020,3,DET
116,542585,José Cisnero,2,7,29,2020,4,DET
116,571656,Buck Farmer,1,7,23,2020,5,DET
116,670167,John Schreiber,1,1,15,2020,6,DET
116,608335,Kyle Funkhouser,0,0,13,2020,7,DET
116,665621,Rony García,0,0,13,2020,8,DET
117,519151,Ryan Pressly,16,0,23,2020,1,HOU
117,642130,Blake Taylor,2,5,22,2020,2,HOU
117,660600,Enoli Paredes,2,4,22,2020,3,HOU
117,605482,Cy Sneed,2,3,18,2020,4,HOU
117,657624,Josh James,2,4,11,2020,5,HOU
117,668687,Andre Scrubb,1,2,20,2020,6,HOU
117,548384,Brooks Raley,1,6,17,2020,7,HOU
117,528748,Humberto Castellanos,1,0,8,2020,8,HOU
118,572096,Trevor Rosenthal,7,1,14,2020,1,KC
118,518813,Greg Holland,6,2,28,2020,2,KC
118,534910,Jesse Hahn,3,5,18,2020,3,KC
118,605130,Scott Barlow,2,7,32,2020,4,KC
118,623470,Jake Newberry,1,1,20,2020,5,KC
118,600968,Randy Rosario,1,0,4,2020,6,KC
118,622251,Josh Staumont,0,8,26,2020,7,KC
118,676604,Tyler Zuber,0,0,23,2020,8,KC
119,445276,Kenley Jansen,13,0,27,2020,1,LAD
119,595014,Blake Treinen,2,9,27,2020,2,LAD
119,657571,Caleb Ferguson,2,5,20,2020,3,LAD
119,520980,Pedro Báez,2,6,18,2020,4,LAD
119,518397,Scott Alexander,2,3,13,2020,5,LAD
119,660813,Brusdar Graterol,1,7,21,2020,6,LAD
119,592473,Adam Kolarek,1,4,20,2020,7,LAD
119,642701,Dennis Santana,1,0,12,2020,8,LAD
120,543339,Daniel Hudson,15,0,21,2020,1,WSH
120,501789,Will Harris,4,6,20,2020,2,WSH
120,640448,Kyle Finnegan,1,4,25,2020,3,WSH
120,663432,Tanner Rainey,1,9,20,2020,4,WSH
120,641851,Kyle McGowin,1,1,9,2020,5,WSH
120,607560,Ryne Harper,0,1,23,2020,6,WSH
120,593833,Wander Suero,0,7,22,2020,7,WSH
120,457915,Javy Guerra,0,5,14,2020,8,WSH
121,621242,Edwin Díaz,10,1,26,2020,1,NYM
121,607625,Seth Lugo,5,0,9,2020,2,NYM
121,612434,Miguel Castro,3,4,16,2020,3,NYM
121,544727,Jeurys Familia,1,5,25,2020,4,NYM
121,541640,Erasmo Ramírez,1,0,6,2020,5,NYM
121,642584,Franklyn Kilome,1,0,4,2020,6,NYM
121,458677,Justin Wilson,0,10,23,2020,7,NYM
121,453172,Jared Hughes,0,2,18,2020,8,NYM
133,521230,Liam Hendriks,15,0,24,2020,1,OAK
133,465657,Joakim Soria,3,4,22,2020,2,OAK
133,518617,Jake Diekman,1,13,21,2020,3,OAK
133,642152,Lou Trivino,1,0,20,2020,4,OAK
133,572143,Burch Smith,1,0,6,2020,5,OAK
133,433589,Yusmeiro Petit,0,7,26,2020,6,OAK
133,519008,T.J. McFarland,0,7,23,2020,7,OAK
133,605525,J.B. Wendelken,0,2,21,2020,8,OAK
134,543867,Nik Turley,5,3,25,2020,1,PIT
134,593144,Richard Rodríguez,5,2,24,2020,2,PIT
134,608717,Chris Stratton,2,5,27,2020,3,PIT
134,607572,Sam Howard,2,4,22,2020,4,PIT
134,600887,Miguel Del Pozo,2,0,5,2020,5,PIT
134,605195,Kyle Crick,1,0,7,2020,6,PIT
134,502706,Derek Holland,1,0,7,2020,7,PIT
134,595897,Nick Burdi,1,0,3,2020,8,PIT
135,641941,Emilio Pagán,7,7,22,2020,1,SD
135,592865,Taylor Williams,7,2,14,2020,2,SD
135,572096,Trevor Rosenthal,7,1,14,2020,3,SD
135,519141,Drew Pomeranz,5,9,20,2020,4,SD
135,621381,Matt Strahm,2,5,19,2020,5,SD
135,489446,Kirby Yates,2,1,6,2020,6,SD
135,489334,Craig Stammen,1,6,24,2020,7,SD
135,656186,Dan Altavilla,1,1,13,2020,8,SD
136,592865,Taylor Williams,7,2,14,2020,1,SEA
136,673633,Yoshihisa Hirano,4,1,13,2020,2,SEA
136,670990,Yohan Ramírez,3,1,16,2020,3,SEA
136,543483,Matt Magill,2,2,11,2020,4,SEA
136,664948,Anthony Misiewicz,1,8,21,2020,5,SEA
136,680702,Joey Gerber,1,5,17,2020,6,SEA
136,656186,Dan Altavilla,1,1,13,2020,7,SEA
136,608665,Kendall Graveman,1,5,9,2020,8,SEA
137,643511,Tyler Rogers,6,10,29,2020,1,SF
137,641627,Trevor Gott,6,3,15,2020,2,SF
137,656322,Sam Coonrod,5,3,18,2020,3,SF
137,453265,Tony Watson,2,10,21,2020,4,SF
137,593974,Wandy Peralta,1,1,25,2020,5,SF
137,572125,Sam Selman,1,3,24,2020,6,SF
137,670056,Caleb Baragar,1,2,23,2020,7,SF
137,670329,Rico Garcia,1,2,12,2020,8,SF
138,453192,Andrew Miller,5,2,16,2020,1,STL
138,606149,Giovanny Gallegos,4,1,16,2020,2,STL
138,643778,Tyler Webb,3,2,21,2020,3,STL
138,664854,Ryan Helsley,3,2,12,2020,4,STL
138,650893,Génesis Cabrera,1,3,19,2020,5,STL
138,621052,Alex Reyes,1,3,14,2020,6,STL
138,547942,Kwang Hyun Kim,1,0,1,2020,7,STL
138,607231,John Gant,0,7,17,2020,8,STL
139,650895,Diego Castillo,6,5,22,2020,1,TB
139,623433,Nick Anderson,6,6,19,2020,2,TB
139,543118,Oliver Drake,4,1,11,2020,3,TB
139,664126,Pete Fairbanks,3,7,25,2020,4,TB
139,595928,John Curtiss,2,0,14,2020,5,TB
139,642083,Aaron Slegers,2,2,10,2020,6,TB
139,571901,Aaron Loup,1,4,24,2020,7,TB
139,657044,Ryan Thompson,1,4,24,2020,8,TB
140,606160,Rafael Montero,8,0,17,2020,1,TEX
140,445926,Jesse Chavez,3,2,18,2020,2,TEX
140,580792,Nick Goody,3,0,16,2020,3,TEX
140,623474,Jimmy Herget,1,1,19,2020,4,TEX
140,664139,Ian Gibaut,1,2,14,2020,5,TEX
140,570257,Joely Rodríguez,1,3,12,2020,6,TEX
140,667463,John King,1,0,6,2020,7,TEX
140,600917,José Leclerc,1,0,2,2020,8,TEX
141,542914,Anthony Bass,9,4,26,2020,1,TOR
141,503569,Rafael Dolis,6,7,24,2020,2,TOR
141,595918,A.J. Cole,4,2,24,2020,3,TOR
141,605447,Jordan Romano,3,5,15,2020,4,TOR
141,621366,Ryan Borucki,2,3,21,2020,5,TOR
141,521655,Wilmer Font,1,2,21,2020,6,TOR
141,685493,Shun Yamaguchi,1,1,17,2020,7,TOR
141,664157,Travis Bergen,1,0,7,2020,8,TOR
142,573124,Taylor Rogers,11,2,21,2020,1,MIN
142,489265,Sergio Romo,6,10,24,2020,2,MIN
142,543507,Trevor May,3,9,24,2020,3,MIN
142,461325,Tyler Clippard,2,8,24,2020,4,MIN
142,608648,Tyler Duffey,2,12,22,2020,5,MIN
142,605538,Matt Wisler,2,5,14,2020,6,MIN
142,660896,Jorge Alcala,1,0,16,2020,7,MIN
142,573204,Caleb Thielbar,0,1,17,2020,8,MIN
143,593576,Héctor Neris,8,4,24,2020,1,PHI
143,519443,Brandon Workman,8,1,14,2020,2,PHI
143,488984,Tommy Hunter,3,8,24,2020,3,PHI
143,605388,Adam Morgan,2,2,17,2020,4,PHI
143,453284,Blake Parker,1,1,13,2020,5,PHI
143,475479,David Phelps,1,4,12,2020,6,PHI
143,668941,JoJo Romero,1,4,12,2020,7,PHI
143,592390,Heath Hembree,1,1,11,2020,8,PHI
144,453343,Mark Melancon,13,0,23,2020,1,ATL
144,554431,Tyler Matzek,2,1,21,2020,2,ATL
144,455119,Chris Martin,1,6,19,2020,3,ATL
144,503285,Darren O'Day,1,2,19,2020,4,ATL
144,519293,Will Smith,1,6,18,2020,5,ATL
144,669060,Bryse Wilson,1,0,4,2020,6,ATL
144,572888,Shane Greene,0,9,28,2020,7,ATL
144,621345,A.J. Minter,0,5,22,2020,8,ATL
145,517008,Alex Colomé,13,0,21,2020,1,CWS
145,605359,Evan Marshall,3,8,23,2020,2,CWS
145,518553,Steve Cishek,2,0,22,2020,3,CWS
145,641420,Zack Burdi,2,1,8,2020,4,CWS
145,622772,Jimmy Cordero,1,9,30,2020,5,CWS
145,676051,Codi Heuer,1,5,21,2020,6,CWS
145,641582,Matt Foster,1,2,21,2020,7,CWS
145,614179,José Ruiz,1,0,5,2020,8,CWS
146,445213,Brandon Kintzler,14,1,24,2020,1,MIA
146,543883,Nick Vincent,3,0,21,2020,2,MIA
146,554340,Yimi García,2,4,14,2020,3,MIA
146,624586,James Hoyt,1,5,24,2020,4,MIA
146,502202,Brad Boxberger,1,6,23,2020,5,MIA
146,595001,Josh A. Smith,1,1,15,2020,6,MIA
146,605501,Stephen Tarpley,1,2,12,2020,7,MIA
146,572383,Brian Moran,1,0,2,2020,8,MIA
147,502154,Zack Britton,8,3,20,2020,1,NYY
147,547973,Aroldis Chapman,5,0,13,2020,2,NYY
147,493603,Adam Ottavino,3,2,24,2020,3,NYY
147,643338,Chad Green,3,6,22,2020,4,NYY
147,642528,Jonathan Loáisiga,2,2,9,2020,5,NYY
147,570666,Luis Cessa,1,1,16,2020,6,NYY
147,571735,David Hale,1,0,5,2020,7,NYY
147,656547,Jonathan Holder,0,0,18,2020,8,NYY
158,623352,Josh Hader,15,0,21,2020,1,MIL
158,642233,Eric Yardley,2,1,24,2020,2,MIL
158,608349,Corey Knebel,2,0,15,2020,3,MIL
158,592222,Alex Claudio,1,1,20,2020,4,MIL
158,642547,Freddy Peralta,1,3,14,2020,5,MIL
158,475479,David Phelps,1,4,12,2020,6,MIL
158,642207,Devin Williams,0,9,22,2020,7,MIL
158,608718,Brent Suter,0,2,12,2020,8,MIL
108,628452,Raisel Iglesias,39,0,65,2021,1,LAA
108,518553,Steve Cishek,5,21,74,2021,2,LAA
108,594577,Mike Mayers,5,18,70,2021,3,LAA
108,453265,Tony Watson,3,12,36,2021,4,LAA
108,598287,Noé Ramirez,3,10,36,2021,5,LAA
108,448855,Junior Guerra,2,2,40,2021,6,LAA
108,642083,Aaron Slegers,2,2,29,2021,7,LAA
108,623474,Jimmy Herget,2,0,14,2021,8,LAA
109,461325,Tyler Clippard,9,3,26,2021,1,ARI
109,465657,Joakim Soria,8,3,31,2021,2,ARI
109,592233,Stefan Crichton,4,5,31,2021,3,ARI
109,598287,Noé Ramirez,3,10,36,2021,4,ARI
109,661255,Yoan López,3,2,13,2021,5,ARI
109,606965,Chris Devenski,3,1,8,2021,6,ARI
109,573009,Joe Mantiply,2,11,57,2021,7,ARI
109,592761,Caleb Smith,2,2,32,2021,8,ARI
110,491624,César Valdez,13,0,39,2021,1,BAL
110,642121,Cole Sulser,11,6,60,2021,2,BAL
110,669330,Tyler Wells,7,1,44,2021,3,BAL
110,622253,Dillon Tate,5,8,62,2021,4,BAL
110,643316,Paul Fry,4,11,52,2021,5,BAL
110,592644,Adam Plutko,4,5,37,2021,6,BAL
110,641632,Conner Greene,4,1,21,2021,7,BAL
110,656945,Tanner Scott,2,16,62,2021,8,BAL
111,598264,Matt Barnes,30,0,60,2021,1,BOS
111,493603,Adam Ottavino,17,22,69,2021,2,BOS
111,570663,Hansel Robles,12,14,45,2021,3,BOS
111,676477,Garrett Whitlock,5,14,46,2021,4,BOS
111,650382,Darwinzon Hernández,4,12,48,2021,5,BOS
111,542882,Matt Andriese,4,3,26,2021,6,BOS
111,572070,Garrett Richards,3,2,18,2021,7,BOS
111,657031,Josh Taylor,2,15,61,2021,8,BOS
112,518886,Craig Kimbrel,25,0,39,2021,1,CHC
112,592858,Rowan Wick,8,2,22,2021,2,CHC
112,605177,Andrew Chafin,7,5,28,2021,3,CHC
112,676051,Codi Heuer,5,4,25,2021,4,CHC
112,605388,Adam Morgan,4,4,34,2021,5,CHC
112,572193,Ryan Tepera,3,16,43,2021,6,CHC
112,571521,Rex Brothers,2,8,57,2021,7,CHC
112,624522,Keegan Thompson,2,1,26,2021,8,CHC
113,607237,Amir Garrett,11,7,63,2021,1,CIN
113,608371,Lucas Sims,10,9,47,2021,2,CIN
113,592390,Heath Hembree,10,6,45,2021,3,CIN
113,571710,Mychal Givens,10,3,23,2021,4,CIN
113,622088,Tejay Antone,7,8,23,2021,5,CIN
113,448281,Sean Doolittle,5,4,45,2021,6,CIN
113,547179,Michael Lorenzen,4,11,27,2021,7,CIN
113,542960,Brad Brach,3,10,35,2021,8,CIN
114,661403,Emmanuel Clase,29,6,71,2021,1,CLE
114,675916,James Karinchak,16,13,60,2021,2,CLE
114,543766,Bryan Shaw,8,20,81,2021,3,CLE
114,664208,Phil Maton,3,2,27,2021,4,CLE
114,622065,Alex Young,2,3,28,2021,5,CLE
114,621295,Nick Wittgren,1,10,59,2021,6,CLE
114,663986,Trevor Stephan,1,3,43,2021,7,CLE
114,680704,Nick Sandlin,1,5,34,2021,8,CLE
115,453268,Daniel Bard,28,4,67,2021,1,COL
115,608032,Carlos Estévez,17,15,64,2021,2,COL
115,571710,Mychal Givens,10,3,23,2021,3,COL
115,641755,Tyler Kinley,4,10,70,2021,4,COL
115,622075,Yency Almonte,3,4,48,2021,5,COL
115,596112,Robert Stephenson,2,4,49,2021,6,COL
115,468504,Jhoulys Chacín,2,18,45,2021,7,COL
115,623485,Ashton Goudeau,2,0,10,2021,8,COL
116,642397,Gregory Soto,19,7,62,2021,1,DET
116,605242,Michael Fulmer,18,9,48,2021,2,DET
116,542585,José Cisnero,9,18,67,2021,3,DET
116,608335,Kyle Funkhouser,5,9,55,2021,4,DET
116,656638,Alex Lange,4,6,36,2021,5,DET
116,650530,Bryan Garcia,3,3,39,2021,6,DET
116,596057,Daniel Norris,3,6,38,2021,7,DET
116,641729,Joe Jiménez,2,5,52,2021,8,DET
117,519151,Ryan Pressly,28,1,64,2021,1,HOU
117,554340,Yimi García,18,2,39,2021,2,HOU
117,606160,Rafael Montero,13,4,40,2021,3,HOU
117,608665,Kendall Graveman,12,4,30,2021,4,HOU
117,548384,Brooks Raley,5,10,58,2021,5,HOU
117,642130,Blake Taylor,5,5,51,2021,6,HOU
117,650556,Bryan Abreu,5,7,31,2021,7,HOU
117,592773,Ryne Stanek,4,21,72,2021,8,HOU
118,605130,Scott Barlow,22,14,71,2021,1,KC
118,518813,Greg Holland,12,8,57,2021,2,KC
118,641394,Jake Brentz,7,16,72,2021,3,KC
118,622251,Josh Staumont,5,16,64,2021,4,KC
118,622092,Kyle Zimmer,3,10,50,2021,5,KC
118,451584,Wade Davis,3,2,40,2021,6,KC
118,593619,Domingo Tapia,3,7,32,2021,7,KC
118,534910,Jesse Hahn,3,1,5,2021,8,KC
119,445276,Kenley Jansen,43,0,69,2021,1,LAD
119,608349,Corey Knebel,5,7,23,2021,2,LAD
119,641632,Conner Greene,4,1,21,2021,3,LAD
119,641360,Phil Bickford,3,10,56,2021,4,LAD
119,523260,Joe Kelly,3,13,48,2021,5,LAD
119,642701,Dennis Santana,3,5,39,2021,6,LAD
119,624647,Victor González,2,17,43,2021,7,LAD
119,681911,Alex Vesia,2,10,41,2021,8,LAD
120,543272,Brad Hand,26,0,41,2021,1,WSH
120,640448,Kyle Finnegan,15,13,68,2021,2,WSH
120,608723,Austin Voth,6,7,48,2021,3,WSH
120,663432,Tanner Rainey,6,10,38,2021,4,WSH
120,593604,Alberto Baldonado,4,3,14,2021,5,WSH
120,593833,Wander Suero,3,7,45,2021,6,WSH
120,600921,Andrés Machado,3,11,40,2021,7,WSH
120,666168,Mason Thompson,3,6,27,2021,8,WSH
121,621242,Edwin Díaz,38,0,63,2021,1,NYM
121,543272,Brad Hand,26,0,41,2021,2,NYM
121,592390,Heath Hembree,10,6,45,2021,3,NYM
121,543507,Trevor May,7,16,68,2021,4,NYM
121,544727,Jeurys Familia,7,12,65,2021,5,NYM
121,607625,Seth Lugo,5,14,46,2021,6,NYM
121,571901,Aaron Loup,4,17,63,2021,7,NYM
121,607455,Anthony Banda,3,4,25,2021,8,NYM
133,642152,Lou Trivino,26,8,71,2021,1,OAK
133,518617,Jake Diekman,14,14,67,2021,2,OAK
133,433589,Yusmeiro Petit,8,22,78,2021,3,OAK
133,489265,Sergio Romo,7,12,66,2021,4,OAK
133,605177,Andrew Chafin,7,5,28,2021,5,OAK
133,605525,J.B. Wendelken,2,4,20,2021,6,OAK
133,640462,A.J. Puk,2,0,12,2021,7,OAK
133,572143,Burch Smith,1,4,31,2021,8,OAK
134,593144,Richard Rodríguez,17,0,37,2021,1,PIT
134,608717,Chris Stratton,13,7,68,2021,2,PIT
134,670280,David Bednar,5,13,61,2021,3,PIT
134,683232,Nick Mears,5,3,30,2021,4,PIT
134,607455,Anthony Banda,3,4,25,2021,5,PIT
134,592741,Chasen Shreve,2,12,57,2021,6,PIT
134,660853,Enyel De Los Santos,2,1,26,2021,7,PIT
134,605280,Clay Holmes,2,5,25,2021,8,PIT
135,453343,Mark Melancon,45,0,64,2021,1,SD
135,657612,Tim Hill,6,19,78,2021,2,SD
135,641941,Emilio Pagán,5,17,67,2021,3,SD
135,666168,Mason Thompson,3,6,27,2021,4,SD
135,489334,Craig Stammen,2,7,63,2021,5,SD
135,572955,Pierce Johnson,2,12,61,2021,6,SD
135,543339,Daniel Hudson,2,14,31,2021,7,SD
135,605309,Keone Kela,2,1,12,2021,8,SD
136,608716,Drew Steckenrider,17,7,62,2021,1,SEA
136,623149,Paul Sewald,16,16,62,2021,2,SEA
136,650895,Diego Castillo,16,4,37,2021,3,SEA
136,606160,Rafael Montero,13,4,40,2021,4,SEA
136,608665,Kendall Graveman,12,4,30,2021,5,SEA
136,664948,Anthony Misiewicz,5,19,66,2021,6,SEA
136,448281,Sean Doolittle,5,4,45,2021,7,SEA
136,641871,Keynan Middleton,4,3,31,2021,8,SEA
137,459429,Jake McGee,36,8,62,2021,1,SF
137,643511,Tyler Rogers,19,30,80,2021,2,SF
137,641793,Zack Littell,6,7,61,2021,3,SF
137,666808,Camilo Doval,6,6,29,2021,4,SF
137,608678,Dominic Leone,4,15,53,2021,5,SF
137,606424,Jarlín García,3,11,58,2021,6,SF
137,593974,Wandy Peralta,3,5,45,2021,7,SF
137,453265,Tony Watson,3,12,36,2021,8,SF
138,621052,Alex Reyes,34,3,69,2021,1,STL
138,606149,Giovanny Gallegos,22,24,73,2021,2,STL
138,650893,Génesis Cabrera,3,28,71,2021,3,STL
138,664854,Ryan Helsley,3,10,51,2021,4,STL
138,472610,Luis García,3,12,34,2021,5,STL
138,594965,Daniel Ponce de Leon,3,0,22,2021,6,STL
138,519008,T.J. McFarland,1,15,38,2021,7,STL
138,502522,Justin Miller,1,1,18,2021,8,STL
139,650895,Diego Castillo,16,4,37,2021,1,TB
139,552640,Andrew Kittredge,9,7,53,2021,2,TB
139,664126,Pete Fairbanks,7,14,47,2021,3,TB
139,605488,Jeffrey Springs,4,10,43,2021,4,TB
139,657044,Ryan Thompson,4,11,36,2021,5,TB
139,656420,J.P. Feyereisen,4,6,34,2021,6,TB
139,670950,Trevor Richards,3,5,32,2021,7,TB
139,543521,Collin McHugh,3,6,30,2021,8,TB
140,453178,Ian Kennedy,17,0,32,2021,1,TEX
140,669618,Joe Barlow,12,3,31,2021,2,TEX
140,607359,Spencer Patton,5,11,42,2021,3,TEX
140,622250,Josh Sborz,4,9,63,2021,4,TEX
140,642701,Dennis Santana,3,5,39,2021,5,TEX
140,656685,Brett Martin,2,11,66,2021,6,TEX
140,570257,Joely Rodríguez,2,9,31,2021,7,TEX
140,676969,Brett de Geus,2,3,28,2021,8,TEX
141,543272,Brad Hand,26,0,41,2021,1,TOR
141,605447,Jordan Romano,24,5,62,2021,2,TOR
141,465657,Joakim Soria,8,3,31,2021,3,TOR
141,641835,Tim Mayza,4,19,61,2021,4,TOR
141,503569,Rafael Dolis,4,3,39,2021,5,TOR
141,670950,Trevor Richards,3,5,32,2021,6,TOR
141,543022,Tyler Chatwood,2,11,30,2021,7,TOR
141,642048,Tayler Saucedo,2,1,29,2021,8,TOR
142,517008,Alex Colomé,24,5,67,2021,1,MIN
142,573124,Taylor Rogers,13,8,40,2021,2,MIN
142,570663,Hansel Robles,12,14,45,2021,3,MIN
142,608648,Tyler Duffey,5,22,64,2021,4,MIN
142,660896,Jorge Alcala,5,11,59,2021,5,MIN
142,621248,Ralph Garza Jr.,2,2,18,2021,6,MIN
142,543056,Danny Coulombe,1,2,28,2021,7,MIN
142,677976,Randy Dobnak,1,0,8,2021,8,MIN
143,593576,Héctor Neris,19,11,74,2021,1,PHI
143,453178,Ian Kennedy,17,0,32,2021,2,PHI
143,621237,José Alvarado,8,16,64,2021,3,PHI
143,624133,Ranger Suárez,7,0,27,2021,4,PHI
143,656322,Sam Coonrod,6,8,40,2021,5,PHI
143,641401,Connor Brogdon,5,11,55,2021,6,PHI
143,605151,Archie Bradley,5,13,53,2021,7,PHI
143,445213,Brandon Kintzler,2,2,28,2021,8,PHI
144,519293,Will Smith,43,0,71,2021,1,ATL
144,593144,Richard Rodríguez,17,0,37,2021,2,ATL
144,621345,A.J. Minter,6,23,61,2021,3,ATL
144,455119,Chris Martin,5,13,46,2021,4,ATL
144,592426,Luke Jackson,4,31,71,2021,5,ATL
144,657097,Jacob Webb,3,0,34,2021,6,ATL
144,656794,Sean Newcomb,2,2,32,2021,7,ATL
144,554431,Tyler Matzek,1,24,69,2021,8,ATL
145,521230,Liam Hendriks,44,0,69,2021,1,CWS
145,518886,Craig Kimbrel,25,0,39,2021,2,CWS
145,607481,Aaron Bummer,8,21,62,2021,3,CWS
145,676051,Codi Heuer,5,4,25,2021,4,CWS
145,605359,Evan Marshall,4,7,27,2021,5,CWS
145,572193,Ryan Tepera,3,16,43,2021,6,CWS
145,641582,Matt Foster,2,2,37,2021,7,CWS
145,614179,José Ruiz,1,4,59,2021,8,CWS
146,571670,Dylan Floro,21,11,68,2021,1,MIA
146,554340,Yimi García,18,2,39,2021,2,MIA
146,542947,Richard Bleier,6,20,68,2021,3,MIA
146,669622,Anthony Bender,5,12,59,2021,4,MIA
146,542914,Anthony Bass,4,19,69,2021,5,MIA
146,605276,David Hess,2,2,13,2021,6,MIA
146,647315,Zach Pop,1,3,50,2021,7,MIA
146,643256,Adam Cimber,1,7,39,2021,8,MIA
147,547973,Aroldis Chapman,34,1,61,2021,1,NYY
147,643338,Chad Green,12,18,67,2021,2,NYY
147,642528,Jonathan Loáisiga,9,18,57,2021,3,NYY
147,502154,Zack Britton,4,11,22,2021,4,NYY
147,476595,Lucas Luetge,3,3,56,2021,5,NYY
147,593974,Wandy Peralta,3,5,45,2021,6,NYY
147,570257,Joely Rodríguez,2,9,31,2021,7,NYY
147,605280,Clay Holmes,2,5,25,2021,8,NYY
158,623352,Josh Hader,35,0,60,2021,1,MIL
158,502202,Brad Boxberger,9,23,71,2021,2,MIL
158,608718,Brent Suter,9,9,60,2021,3,MIL
158,642207,Devin Williams,6,23,58,2021,4,MIL
158,656420,J.P. Feyereisen,4,6,34,2021,5,MIL
158,641360,Phil Bickford,3,10,56,2021,6,MIL
158,596057,Daniel Norris,3,6,38,2021,7,MIL
158,670950,Trevor Richards,3,5,32,2021,8,MIL
108,628452,Raisel Iglesias,19,0,39,2022,1,LAA
108,623474,Jimmy Herget,12,6,48,2022,2,LAA
108,572193,Ryan Tepera,11,17,59,2022,3,LAA
108,571901,Aaron Loup,6,19,65,2022,4,LAA
108,650671,José Quijada,5,12,42,2022,5,LAA
108,605151,Archie Bradley,4,4,21,2022,6,LAA
108,642545,Jaime Barria,3,5,34,2022,7,LAA
108,445926,Jesse Chavez,2,10,45,2022,8,LAA
109,453343,Mark Melancon,21,1,62,2022,1,ARI
109,453178,Ian Kennedy,16,10,57,2022,2,ARI
109,573009,Joe Mantiply,8,22,69,2022,3,ARI
109,598287,Noé Ramirez,4,11,55,2022,4,ARI
109,606625,Reyes Moronta,4,4,17,2022,5,ARI
109,656464,Kevin Ginkel,3,5,30,2022,6,ARI
109,641871,Keynan Middleton,2,1,18,2022,7,ARI
109,664092,Sean Poppen,1,4,29,2022,8,ARI
110,605347,Jorge López,23,0,44,2022,1,BAL
110,642585,Félix Bautista,17,13,65,2022,2,BAL
110,622253,Dillon Tate,6,16,67,2022,3,BAL
110,641329,Bryan Baker,3,9,64,2022,4,BAL
110,672335,Cionel Pérez,2,25,66,2022,5,BAL
110,669211,Keegan Akin,2,3,44,2022,6,BAL
110,663989,Nick Vespi,2,1,25,2022,7,BAL
110,607216,Joey Krehbiel,1,10,56,2022,8,BAL
111,670167,John Schreiber,11,22,64,2022,1,BOS
111,598264,Matt Barnes,10,4,44,2022,2,BOS
111,656557,Tanner Houck,9,1,28,2022,3,BOS
111,621381,Matt Strahm,8,13,50,2022,4,BOS
111,570663,Hansel Robles,8,7,26,2022,5,BOS
111,676477,Garrett Whitlock,8,4,22,2022,6,BOS
111,518489,Ryan Brasier,5,13,68,2022,7,BOS
111,518617,Jake Diekman,4,12,44,2022,8,BOS
112,502085,David Robertson,19,0,36,2022,1,CHC
112,592858,Rowan Wick,14,4,64,2022,2,CHC
112,676714,Brandon Hughes,12,8,57,2022,3,CHC
112,643410,Mark Leiter Jr.,6,4,31,2022,4,CHC
112,655889,Manuel Rodríguez,6,2,14,2022,5,CHC
112,571710,Mychal Givens,5,6,40,2022,6,CHC
112,664123,Scott Effross,3,13,46,2022,7,CHC
112,455119,Chris Martin,3,3,26,2022,8,CHC
113,664747,Alexis Díaz,14,13,59,2022,1,CIN
113,519326,Hunter Strickland,11,4,66,2022,2,CIN
113,663574,Tony Santillan,7,6,21,2022,3,CIN
113,605521,Art Warren,6,4,39,2022,4,CIN
113,669270,Joel Kuhnel,3,5,53,2022,5,CIN
113,571656,Buck Farmer,3,5,44,2022,6,CIN
113,664139,Ian Gibaut,3,4,33,2022,7,CIN
113,570666,Luis Cessa,1,5,36,2022,8,CIN
114,661403,Emmanuel Clase,46,0,77,2022,1,CLE
114,663986,Trevor Stephan,5,19,66,2022,2,CLE
114,669212,Eli Morgan,4,10,49,2022,3,CLE
114,675916,James Karinchak,4,8,38,2022,4,CLE
114,680704,Nick Sandlin,3,7,46,2022,5,CLE
114,664139,Ian Gibaut,3,4,33,2022,6,CLE
114,660853,Enyel De Los Santos,2,3,50,2022,7,CLE
114,622065,Alex Young,2,5,23,2022,8,CLE
115,453268,Daniel Bard,37,0,57,2022,1,COL
115,517008,Alex Colomé,7,7,53,2022,2,COL
115,608032,Carlos Estévez,6,13,62,2022,3,COL
115,664875,Justin Lawrence,3,7,38,2022,4,COL
115,656458,Lucas Gilbreath,2,12,47,2022,5,COL
115,596112,Robert Stephenson,2,6,45,2022,6,COL
115,621389,Ty Blach,2,0,23,2022,7,COL
115,659275,Dinelson Lamet,2,3,19,2022,8,COL
116,642397,Gregory Soto,33,2,64,2022,1,DET
116,605242,Michael Fulmer,6,18,41,2022,2,DET
116,656638,Alex Lange,4,21,71,2022,3,DET
116,605177,Andrew Chafin,4,19,64,2022,4,DET
116,641729,Joe Jiménez,4,11,62,2022,5,DET
116,671345,Jason Foley,1,6,60,2022,6,DET
116,676684,Will Vest,1,4,57,2022,7,DET
116,503449,Wily Peralta,1,2,27,2022,8,DET
117,519151,Ryan Pressly,37,0,50,2022,1,HOU
117,606160,Rafael Montero,16,23,71,2022,2,HOU
117,519293,Will Smith,8,10,41,2022,3,HOU
117,593576,Héctor Neris,7,25,70,2022,4,HOU
117,592773,Ryne Stanek,5,17,59,2022,5,HOU
117,664208,Phil Maton,2,14,67,2022,6,HOU
117,650556,Bryan Abreu,2,8,55,2022,7,HOU
117,661527,Seth Martinez,0,3,29,2022,8,HOU
118,605130,Scott Barlow,28,6,69,2022,1,KC
118,664199,Taylor Clarke,8,10,47,2022,2,KC
118,622251,Josh Staumont,6,5,42,2022,3,KC
118,669395,Dylan Coleman,3,16,68,2022,4,KC
118,676092,Collin Snider,2,7,42,2022,5,KC
118,606303,Joel Payamps,2,0,29,2022,6,KC
118,607237,Amir Garrett,1,10,60,2022,7,KC
118,621016,Jose Cuas,1,11,47,2022,8,KC
119,518886,Craig Kimbrel,27,2,63,2022,1,LAD
119,543339,Daniel Hudson,6,9,25,2022,2,LAD
119,660813,Brusdar Graterol,5,10,45,2022,3,LAD
119,623465,Evan Phillips,4,19,64,2022,4,LAD
119,456034,David Price,4,4,40,2022,5,LAD
119,606625,Reyes Moronta,4,4,17,2022,6,LAD
119,681911,Alex Vesia,3,16,63,2022,7,LAD
119,455119,Chris Martin,3,3,26,2022,8,LAD
120,663432,Tanner Rainey,16,1,29,2022,1,WSH
120,640448,Kyle Finnegan,15,14,66,2022,2,WSH
120,459429,Jake McGee,6,4,24,2022,3,WSH
120,605218,Carl Edwards Jr.,5,13,57,2022,4,WSH
120,518553,Steve Cishek,3,6,69,2022,5,WSH
120,644364,Víctor Arano,2,7,43,2022,6,WSH
120,666168,Mason Thompson,2,0,24,2022,7,WSH
120,541640,Erasmo Ramírez,1,5,58,2022,8,WSH
121,621242,Edwin Díaz,35,4,61,2022,1,NYM
121,493603,Adam Ottavino,6,19,66,2022,2,NYM
121,607625,Seth Lugo,6,16,62,2022,3,NYM
121,571710,Mychal Givens,5,6,40,2022,4,NYM
121,622098,Drew Smith,2,14,44,2022,5,NYM
121,592866,Trevor Williams,2,1,21,2022,6,NYM
121,543507,Trevor May,1,6,26,2022,7,NYM
121,592741,Chasen Shreve,1,4,25,2022,8,NYM
133,666204,Dany Jiménez,14,4,34,2022,1,OAK
133,642152,Lou Trivino,12,2,39,2022,2,OAK
133,640462,A.J. Puk,9,20,62,2022,3,OAK
133,642758,Domingo Acevedo,8,20,70,2022,4,OAK
133,667427,Zach Jackson,6,26,54,2022,5,OAK
133,669912,Kirby Snead,3,5,46,2022,6,OAK
133,643493,Austin Pruitt,3,2,38,2022,7,OAK
133,594580,Sam Moll,2,16,53,2022,8,OAK
134,670280,David Bednar,23,4,45,2022,1,PIT
134,640444,Wil Crowe,10,16,59,2022,2,PIT
134,608717,Chris Stratton,7,8,39,2022,3,PIT
134,660787,Yerry De los Santos,5,2,26,2022,4,PIT
134,621249,Duane Underwood Jr.,4,12,50,2022,5,PIT
134,608328,Chase De Jong,4,3,42,2022,6,PIT
134,596112,Robert Stephenson,2,6,45,2022,7,PIT
134,657770,Eric Stout,2,1,18,2022,8,PIT
135,573124,Taylor Rogers,35,0,42,2022,1,SD
135,623352,Josh Hader,31,0,37,2022,2,SD
135,607259,Nick Martinez,9,8,37,2022,3,SD
135,472610,Luis García,4,20,64,2022,4,SD
135,622503,Nabil Crismatt,4,5,49,2022,5,SD
135,663158,Robert Suarez,4,11,45,2022,6,SD
135,621051,Steven Wilson,3,5,49,2022,7,SD
135,659275,Dinelson Lamet,2,3,19,2022,8,SD
136,623149,Paul Sewald,25,8,65,2022,1,SEA
136,662253,Andrés Muñoz,8,22,64,2022,2,SEA
136,650895,Diego Castillo,7,9,59,2022,3,SEA
136,657024,Erik Swanson,5,14,56,2022,4,SEA
136,608716,Drew Steckenrider,4,4,16,2022,5,SEA
136,670036,Matt Festa,3,6,53,2022,6,SEA
136,623167,Chris Flexen,2,0,11,2022,7,SEA
136,670990,Yohan Ramírez,1,3,22,2022,8,SEA
137,666808,Camilo Doval,30,1,68,2022,1,SF
137,608678,Dominic Leone,7,11,55,2022,2,SF
137,459429,Jake McGee,6,4,24,2022,3,SF
137,605154,John Brebbia,4,18,65,2022,4,SF
137,606424,Jarlín García,3,4,58,2022,5,SF
137,501625,Jose Alvarez,3,1,21,2022,6,SF
137,605194,Jharel Cotton,2,2,25,2022,7,SF
137,622065,Alex Young,2,5,23,2022,8,SF
138,664854,Ryan Helsley,23,7,54,2022,1,STL
138,606149,Giovanny Gallegos,20,12,57,2022,2,STL
138,608717,Chris Stratton,7,8,39,2022,3,STL
138,650893,Génesis Cabrera,2,13,39,2022,4,STL
138,676050,Packy Naughton,2,3,23,2022,5,STL
138,669467,Andre Pallante,1,9,37,2022,6,STL
138,621295,Nick Wittgren,1,4,29,2022,7,STL
138,663855,Jordan Hicks,1,8,27,2022,8,STL
139,621363,Colin Poche,13,23,65,2022,1,TB
139,592094,Jason Adam,12,22,67,2022,2,TB
139,548384,Brooks Raley,9,25,60,2022,3,TB
139,657044,Ryan Thompson,8,10,47,2022,4,TB
139,664126,Pete Fairbanks,8,6,24,2022,5,TB
139,552640,Andrew Kittredge,8,0,17,2022,6,TB
139,656222,Jalen Beeks,6,5,35,2022,7,TB
139,542888,Shawn Armstrong,5,2,40,2022,8,TB
140,669618,Joe Barlow,17,0,35,2022,1,TEX
140,600917,José Leclerc,9,4,39,2022,2,TEX
140,656685,Brett Martin,7,7,54,2022,3,TEX
140,519043,Matt Moore,6,14,63,2022,4,TEX
140,642546,Jonathan Hernández,6,3,29,2022,5,TEX
140,456713,Matt Bush,6,9,24,2022,6,TEX
140,656271,Brock Burke,5,9,52,2022,7,TEX
140,667463,John King,5,8,39,2022,8,TEX
141,605447,Jordan Romano,42,3,63,2022,1,TOR
141,643256,Adam Cimber,8,19,77,2022,2,TOR
141,641835,Tim Mayza,6,17,63,2022,3,TOR
141,554340,Yimi García,5,23,61,2022,4,TOR
141,542914,Anthony Bass,3,16,45,2022,5,TOR
141,475479,David Phelps,2,9,64,2022,6,TOR
141,579328,Yusei Kikuchi,2,0,12,2022,7,TOR
141,670950,Trevor Richards,1,8,58,2022,8,TOR
142,605347,Jorge López,23,0,44,2022,1,MIN
142,641941,Emilio Pagán,16,7,59,2022,2,MIN
142,661395,Jhoan Duran,8,18,57,2022,3,MIN
142,643377,Griffin Jax,7,18,65,2022,4,MIN
142,605242,Michael Fulmer,6,18,41,2022,5,MIN
142,608648,Tyler Duffey,5,9,40,2022,6,MIN
142,573204,Caleb Thielbar,2,18,67,2022,7,MIN
142,656730,Trevor Megill,2,3,39,2022,8,MIN
143,502085,David Robertson,19,0,36,2022,1,PHI
143,608349,Corey Knebel,16,2,46,2022,2,PHI
143,622554,Seranthony Domínguez,11,15,54,2022,3,PHI
143,543272,Brad Hand,7,13,55,2022,4,PHI
143,621237,José Alvarado,4,22,59,2022,5,PHI
143,641401,Connor Brogdon,4,6,47,2022,6,PHI
143,571479,Andrew Bellatti,3,9,58,2022,7,PHI
143,544727,Jeurys Familia,2,6,38,2022,8,PHI
144,445276,Kenley Jansen,48,0,65,2022,1,ATL
144,628452,Raisel Iglesias,19,0,39,2022,2,ATL
144,621345,A.J. Minter,9,34,75,2022,3,ATL
144,519293,Will Smith,8,10,41,2022,4,ATL
144,543521,Collin McHugh,5,17,58,2022,5,ATL
144,669276,Dylan Lee,3,9,46,2022,6,ATL
144,623451,Jackson Stephens,3,2,38,2022,7,ATL
144,445926,Jesse Chavez,2,10,45,2022,8,ATL
145,521230,Liam Hendriks,41,0,58,2022,1,CWS
145,608665,Kendall Graveman,12,27,65,2022,2,CWS
145,607481,Aaron Bummer,6,10,32,2022,3,CWS
145,625643,Reynaldo López,5,9,60,2022,4,CWS
145,518617,Jake Diekman,4,12,44,2022,5,CWS
145,656986,Bennett Sousa,2,5,25,2022,6,CWS
145,641582,Matt Foster,1,5,48,2022,7,CWS
145,523260,Joe Kelly,1,15,42,2022,8,CWS
146,656945,Tanner Scott,27,4,67,2022,1,MIA
146,571670,Dylan Floro,14,6,56,2022,2,MIA
146,669622,Anthony Bender,8,3,22,2022,3,MIA
146,542947,Richard Bleier,5,7,54,2022,4,MIA
146,542888,Shawn Armstrong,5,2,40,2022,5,MIA
146,642121,Cole Sulser,5,5,39,2022,6,MIA
146,595345,Steven Okert,4,19,60,2022,7,MIA
146,542914,Anthony Bass,3,16,45,2022,8,MIA
147,605280,Clay Holmes,25,7,62,2022,1,NYY
147,642152,Lou Trivino,12,2,39,2022,2,NYY
147,593974,Wandy Peralta,9,9,56,2022,3,NYY
147,547973,Aroldis Chapman,9,1,43,2022,4,NYY
147,643338,Chad Green,4,3,14,2022,5,NYY
147,642528,Jonathan Loáisiga,3,10,50,2022,6,NYY
147,476595,Lucas Luetge,3,6,50,2022,7,NYY
147,664123,Scott Effross,3,13,46,2022,8,NYY
158,573124,Taylor Rogers,35,0,42,2022,1,MIL
158,623352,Josh Hader,31,0,37,2022,2,MIL
158,642207,Devin Williams,17,26,65,2022,3,MIL
158,502202,Brad Boxberger,8,30,70,2022,4,MIL
158,456713,Matt Bush,6,9,24,2022,5,MIL
158,459429,Jake McGee,6,4,24,2022,6,MIL
158,641627,Trevor Gott,4,11,45,2022,7,MIL
158,657265,Peter Strzelecki,3,4,30,2022,8,MIL
108,608032,Carlos Estévez,35,2,63,2023,1,LAA
108,625643,Reynaldo López,9,10,43,2023,2,LAA
108,650671,José Quijada,5,5,10,2023,3,LAA
108,623474,Jimmy Herget,4,6,28,2023,4,LAA
108,571901,Aaron Loup,3,9,55,2023,5,LAA
108,606965,Chris Devenski,3,10,29,2023,6,LAA
108,681806,Andrew Wantz,3,4,24,2023,7,LAA
108,519043,Matt Moore,2,20,41,2023,8,LAA
109,623149,Paul Sewald,24,0,45,2023,1,ARI
109,543518,Scott McGough,14,14,62,2023,2,ARI
109,605177,Andrew Chafin,12,12,43,2023,3,ARI
109,612434,Miguel Castro,11,13,75,2023,4,ARI
109,656464,Kevin Ginkel,6,8,60,2023,5,ARI
109,669459,Kyle Nelson,4,11,66,2023,6,ARI
109,614179,José Ruiz,2,1,33,2023,7,ARI
109,657044,Ryan Thompson,2,4,18,2023,8,ARI
110,642585,Félix Bautista,39,1,56,2023,1,BAL
110,666974,Yennier Cano,14,31,72,2023,2,BAL
110,605347,Jorge López,7,6,37,2023,3,BAL
110,543056,Danny Coulombe,5,22,61,2023,4,BAL
110,660261,Shintaro Fujinami,5,2,30,2023,5,BAL
110,672335,Cionel Pérez,4,11,65,2023,6,BAL
110,657508,Mike Baumann,4,6,60,2023,7,BAL
110,641329,Bryan Baker,3,11,46,2023,8,BAL
111,445276,Kenley Jansen,33,0,51,2023,1,BOS
111,670174,Josh Winckowski,7,19,59,2023,2,BOS
111,455119,Chris Martin,4,23,55,2023,3,BOS
111,670167,John Schreiber,3,10,44,2023,4,BOS
111,518489,Ryan Brasier,2,10,39,2023,5,BOS
111,601713,Nick Pivetta,2,2,22,2023,6,BOS
111,676477,Garrett Whitlock,2,3,12,2023,7,BOS
111,659275,Dinelson Lamet,2,0,12,2023,8,BOS
112,640470,Adbert Alzolay,25,7,58,2023,1,CHC
112,643410,Mark Leiter Jr.,8,28,69,2023,2,CHC
112,605242,Michael Fulmer,5,11,57,2023,3,CHC
112,657240,Julian Merryweather,4,17,69,2023,4,CHC
112,621016,Jose Cuas,2,4,44,2023,5,CHC
112,502202,Brad Boxberger,2,1,22,2023,6,CHC
112,592767,Drew Smyly,2,1,18,2023,7,CHC
112,676714,Brandon Hughes,2,1,17,2023,8,CHC
113,664747,Alexis Díaz,40,2,71,2023,1,CIN
113,664139,Ian Gibaut,9,23,74,2023,2,CIN
113,571656,Buck Farmer,9,10,71,2023,3,CIN
113,608371,Lucas Sims,8,23,67,2023,4,CIN
113,592741,Chasen Shreve,5,12,47,2023,5,CIN
113,622065,Alex Young,4,14,63,2023,6,CIN
113,571882,Derek Law,4,3,51,2023,7,CIN
113,594580,Sam Moll,3,6,44,2023,8,CIN
114,661403,Emmanuel Clase,56,0,75,2023,1,CLE
114,663986,Trevor Stephan,10,28,71,2023,2,CLE
114,625643,Reynaldo López,9,10,43,2023,3,CLE
114,660853,Enyel De Los Santos,3,16,70,2023,4,CLE
114,669212,Eli Morgan,3,8,61,2023,5,CLE
114,656529,Sam Hentges,3,17,56,2023,6,CLE
114,675916,James Karinchak,3,13,44,2023,7,CLE
114,519043,Matt Moore,2,20,41,2023,8,CLE
115,664875,Justin Lawrence,18,11,69,2023,1,COL
115,572955,Pierce Johnson,15,4,43,2023,2,COL
115,656234,Jake Bird,11,13,67,2023,3,COL
115,641755,Tyler Kinley,7,1,18,2023,4,COL
115,608718,Brent Suter,3,7,55,2023,5,COL
115,453268,Daniel Bard,3,6,50,2023,6,COL
115,543272,Brad Hand,3,2,20,2023,7,COL
115,668970,Gavin Hollowell,2,3,26,2023,8,COL
116,656638,Alex Lange,32,6,67,2023,1,DET
116,671345,Jason Foley,9,28,70,2023,2,DET
116,592741,Chasen Shreve,5,12,47,2023,3,DET
116,676684,Will Vest,5,11,44,2023,4,DET
116,542585,José Cisnero,4,14,63,2023,5,DET
116,669438,Mason Englert,3,2,30,2023,6,DET
116,663947,Tyler Holton,2,14,58,2023,7,DET
116,689225,Beau Brieske,2,5,24,2023,8,DET
117,519151,Ryan Pressly,37,0,65,2023,1,HOU
117,608665,Kendall Graveman,12,8,45,2023,2,HOU
117,650556,Bryan Abreu,9,24,72,2023,3,HOU
117,606160,Rafael Montero,6,10,68,2023,4,HOU
117,593576,Héctor Neris,3,31,71,2023,5,HOU
117,664208,Phil Maton,3,10,68,2023,6,HOU
117,592773,Ryne Stanek,1,3,55,2023,7,HOU
117,661527,Seth Martinez,1,2,35,2023,8,HOU
118,605130,Scott Barlow,16,0,38,2023,1,KC
118,672578,Carlos Hernández,10,17,63,2023,2,KC
118,547973,Aroldis Chapman,7,6,30,2023,3,KC
118,664199,Taylor Clarke,6,12,56,2023,4,KC
118,663704,James McArthur,4,2,16,2023,5,KC
118,621016,Jose Cuas,2,4,44,2023,6,KC
118,676092,Collin Snider,2,3,19,2023,7,KC
118,656353,Tucker Davidson,2,0,18,2023,8,KC
119,623465,Evan Phillips,27,6,62,2023,1,LAD
119,660813,Brusdar Graterol,8,19,67,2023,2,LAD
119,657571,Caleb Ferguson,8,17,61,2023,3,LAD
119,523260,Joe Kelly,7,11,31,2023,4,LAD
119,681911,Alex Vesia,2,10,55,2023,5,LAD
119,622075,Yency Almonte,2,10,49,2023,6,LAD
119,518489,Ryan Brasier,2,10,39,2023,7,LAD
119,592229,Dylan Covey,2,1,27,2023,8,LAD
120,640448,Kyle Finnegan,36,8,67,2023,1,WSH
120,640451,Hunter Harvey,15,19,57,2023,2,WSH
120,666168,Mason Thompson,4,10,51,2023,3,WSH
120,605218,Carl Edwards Jr.,4,13,32,2023,4,WSH
120,607179,Jordan Weems,3,7,51,2023,5,WSH
120,600921,Andrés Machado,2,4,44,2023,6,WSH
120,678606,Jose A. Ferrer,2,5,39,2023,7,WSH
120,641771,Chad Kuhl,2,0,11,2023,8,WSH
121,502085,David Robertson,17,7,40,2023,1,NYM
121,493603,Adam Ottavino,15,12,66,2023,2,NYM
121,548384,Brooks Raley,6,25,66,2023,3,NYM
121,622098,Drew Smith,5,12,62,2023,4,NYM
121,641627,Trevor Gott,5,3,34,2023,5,NYM
121,656257,Jeff Brigham,2,6,37,2023,6,NYM
121,641360,Phil Bickford,1,3,36,2023,7,NYM
121,595928,John Curtiss,1,2,15,2023,8,NYM
133,543507,Trevor May,24,1,49,2023,1,OAK
133,660261,Shintaro Fujinami,5,2,30,2023,2,OAK
133,544727,Jeurys Familia,4,1,14,2023,3,OAK
133,594580,Sam Moll,3,6,44,2023,4,OAK
133,669912,Kirby Snead,3,7,15,2023,5,OAK
133,668674,Lucas Erceg,2,11,50,2023,6,OAK
133,669674,Sam Long,2,5,39,2023,7,OAK
133,663992,Richard Lovelady,2,4,27,2023,8,OAK
134,670280,David Bednar,42,0,66,2023,1,PIT
134,670059,Colin Holderman,6,27,58,2023,2,PIT
134,596112,Robert Stephenson,5,9,42,2023,3,PIT
134,664294,Dauri Moreta,3,5,55,2023,4,PIT
134,681882,Colin Selby,3,3,16,2023,5,PIT
134,669796,Jose E. Hernandez,2,5,50,2023,6,PIT
134,669387,Carmen Mlodzinski,2,10,34,2023,7,PIT
134,621249,Duane Underwood Jr.,2,3,20,2023,8,PIT
135,623352,Josh Hader,38,0,61,2023,1,SD
135,605130,Scott Barlow,16,0,38,2023,2,SD
135,607259,Nick Martinez,7,15,54,2023,3,SD
135,472610,Luis García,3,10,61,2023,4,SD
135,657612,Tim Hill,3,9,48,2023,5,SD
135,663158,Robert Suarez,3,8,26,2023,6,SD
135,621051,Steven Wilson,2,22,52,2023,7,SD
135,641703,Brent Honeywell,2,3,36,2023,8,SD
136,623149,Paul Sewald,24,0,45,2023,1,SEA
136,662253,Andrés Muñoz,16,14,52,2023,2,SEA
136,666374,Matt Brash,9,24,78,2023,3,SEA
136,623437,Justin Topa,5,23,75,2023,4,SEA
136,641627,Trevor Gott,5,3,34,2023,5,SEA
136,642048,Tayler Saucedo,2,3,52,2023,6,SEA
136,642100,Gabe Speier,1,17,69,2023,7,SEA
136,663462,Isaiah Campbell,1,2,27,2023,8,SEA
137,666808,Camilo Doval,47,0,69,2023,1,SF
137,643511,Tyler Rogers,9,30,68,2023,2,SF
137,518397,Scott Alexander,3,6,47,2023,3,SF
137,596001,Jakob Junis,3,2,36,2023,4,SF
137,663941,Tristan Beck,3,4,30,2023,5,SF
137,573124,Taylor Rogers,2,12,60,2023,6,SF
137,676254,Ryan Walker,2,3,36,2023,7,SF
137,592426,Luke Jackson,2,4,33,2023,8,SF
138,664854,Ryan Helsley,19,2,33,2023,1,STL
138,606149,Giovanny Gallegos,16,20,56,2023,2,STL
138,663855,Jordan Hicks,11,6,40,2023,3,STL
138,669467,Andre Pallante,5,14,62,2023,4,STL
138,668941,JoJo Romero,5,3,27,2023,5,STL
138,608717,Chris Stratton,2,4,42,2023,6,STL
138,650893,Génesis Cabrera,2,5,32,2023,7,STL
138,572193,Ryan Tepera,2,2,10,2023,8,STL
139,664126,Pete Fairbanks,29,2,49,2023,1,TB
139,592094,Jason Adam,18,11,56,2023,2,TB
139,621363,Colin Poche,6,22,66,2023,3,TB
139,596112,Robert Stephenson,5,9,42,2023,4,TB
139,606965,Chris Devenski,3,10,29,2023,5,TB
139,687330,Kevin Kelly,2,12,57,2023,6,TB
139,542888,Shawn Armstrong,2,6,33,2023,7,TB
139,656222,Jalen Beeks,2,2,22,2023,8,TB
140,519293,Will Smith,27,8,60,2023,1,TEX
140,600917,José Leclerc,9,8,57,2023,2,TEX
140,547973,Aroldis Chapman,7,6,30,2023,3,TEX
140,622250,Josh Sborz,4,14,44,2023,4,TEX
140,642546,Jonathan Hernández,4,10,33,2023,5,TEX
140,681982,Grant Anderson,4,5,26,2023,6,TEX
140,656271,Brock Burke,2,12,53,2023,7,TEX
140,608717,Chris Stratton,2,4,42,2023,8,TEX
141,605447,Jordan Romano,40,2,59,2023,1,TOR
141,663855,Jordan Hicks,11,6,40,2023,2,TOR
141,554340,Yimi García,7,19,73,2023,3,TOR
141,657024,Erik Swanson,6,29,69,2023,4,TOR
141,641835,Tim Mayza,3,22,69,2023,5,TOR
141,663878,Nate Pearson,3,3,35,2023,6,TOR
141,670950,Trevor Richards,2,11,53,2023,7,TOR
141,650893,Génesis Cabrera,2,5,32,2023,8,TOR
142,661395,Jhoan Duran,32,1,59,2023,1,MIN
142,643377,Griffin Jax,11,23,71,2023,2,MIN
142,571670,Dylan Floro,9,9,43,2023,3,MIN
142,605347,Jorge López,7,6,37,2023,4,MIN
142,641941,Emilio Pagán,6,8,65,2023,5,MIN
142,592779,Brock Stewart,3,8,28,2023,6,MIN
142,687396,Brent Headrick,2,0,14,2023,7,MIN
142,663558,Jovani Moran,1,9,43,2023,8,MIN
143,518886,Craig Kimbrel,28,7,71,2023,1,PHI
143,621237,José Alvarado,12,11,42,2023,2,PHI
143,622554,Seranthony Domínguez,9,14,57,2023,3,PHI
143,642397,Gregory Soto,6,24,69,2023,4,PHI
143,621381,Matt Strahm,5,11,46,2023,5,PHI
143,628708,Yunior Marte,4,2,40,2023,6,PHI
143,656546,Jeff Hoffman,3,11,54,2023,7,PHI
143,592229,Dylan Covey,2,1,27,2023,8,PHI
144,628452,Raisel Iglesias,37,0,58,2023,1,ATL
144,572955,Pierce Johnson,15,4,43,2023,2,ATL
144,621345,A.J. Minter,13,21,70,2023,3,ATL
144,489446,Kirby Yates,8,9,61,2023,4,ATL
144,543859,Michael Tonkin,4,2,45,2023,5,ATL
144,641729,Joe Jiménez,3,13,59,2023,6,ATL
144,623433,Nick Anderson,3,15,35,2023,7,ATL
144,445926,Jesse Chavez,3,14,35,2023,8,ATL
145,608665,Kendall Graveman,12,8,45,2023,1,CWS
145,666619,Gregory Santos,9,6,60,2023,2,CWS
145,625643,Reynaldo López,9,10,43,2023,3,CWS
145,523260,Joe Kelly,7,11,31,2023,4,CWS
145,543766,Bryan Shaw,5,4,38,2023,5,CWS
145,641871,Keynan Middleton,4,5,39,2023,6,CWS
145,607481,Aaron Bummer,3,15,61,2023,7,CWS
145,641703,Brent Honeywell,2,3,36,2023,8,CWS
146,640462,A.J. Puk,24,2,58,2023,1,MIA
146,502085,David Robertson,17,7,40,2023,2,MIA
146,656945,Tanner Scott,16,24,74,2023,3,MIA
146,571670,Dylan Floro,9,9,43,2023,4,MIA
146,605347,Jorge López,7,6,37,2023,5,MIA
146,677053,Andrew Nardi,4,17,63,2023,6,MIA
146,608638,JT Chargois,4,4,41,2023,7,MIA
146,595345,Steven Okert,3,12,62,2023,8,MIA
147,605280,Clay Holmes,27,5,66,2023,1,NYY
147,650633,Michael King,10,8,40,2023,2,NYY
147,593974,Wandy Peralta,7,18,63,2023,3,NYY
147,676760,Ron Marinaccio,6,7,45,2023,4,NYY
147,592454,Tommy Kahnle,4,14,42,2023,5,NYY
147,641871,Keynan Middleton,4,5,39,2023,6,NYY
147,641656,Ian Hamilton,2,5,36,2023,7,NYY
147,598286,Nick Ramirez,2,2,32,2023,8,NYY
158,642207,Devin Williams,40,0,61,2023,1,MIL
158,605177,Andrew Chafin,12,12,43,2023,2,MIL
158,606303,Joel Payamps,6,27,69,2023,3,MIL
158,665625,Elvis Peguero,6,21,59,2023,4,MIL
158,669060,Bryse Wilson,4,5,53,2023,5,MIL
158,456713,Matt Bush,4,1,12,2023,6,MIL
158,571948,Hoby Milner,3,17,73,2023,7,MIL
158,682842,Abner Uribe,2,8,32,2023,8,MIL
108,608032,Carlos Estévez,23,0,34,2024,1,LAA
108,472610,Luis García,6,11,45,2024,2,LAA
108,519326,Hunter Strickland,4,12,72,2024,3,LAA
108,690829,Ben Joyce,4,8,30,2024,4,LAA
108,672710,Roansy Contreras,3,1,34,2024,5,LAA
108,519043,Matt Moore,2,10,51,2024,6,LAA
108,650671,José Quijada,2,7,22,2024,7,LAA
108,657508,Mike Baumann,2,3,18,2024,8,LAA
109,623149,Paul Sewald,20,1,42,2024,1,ARI
109,656464,Kevin Ginkel,11,18,72,2024,2,ARI
109,679885,Justin Martinez,10,9,64,2024,3,ARI
109,657044,Ryan Thompson,9,24,67,2024,4,ARI
109,640462,A.J. Puk,4,7,30,2024,5,ARI
109,573009,Joe Mantiply,2,16,73,2024,6,ARI
109,543518,Scott McGough,2,1,24,2024,7,ARI
109,571670,Dylan Floro,1,9,51,2024,8,ARI
110,518886,Craig Kimbrel,29,4,57,2024,1,BAL
110,622554,Seranthony Domínguez,11,2,25,2024,2,BAL
110,666974,Yennier Cano,8,34,70,2024,3,BAL
110,669211,Keegan Akin,4,6,66,2024,4,BAL
110,672335,Cionel Pérez,3,22,62,2024,5,BAL
110,657097,Jacob Webb,3,14,60,2024,6,BAL
110,642397,Gregory Soto,3,7,43,2024,7,BAL
110,543056,Danny Coulombe,2,13,33,2024,8,BAL
111,445276,Kenley Jansen,31,0,54,2024,1,BOS
111,455119,Chris Martin,6,15,45,2024,2,BOS
111,472610,Luis García,6,11,45,2024,3,BOS
111,686580,Justin Slaten,6,13,44,2024,4,BOS
111,669711,Greg Weissert,5,6,62,2024,5,BOS
111,608371,Lucas Sims,3,12,43,2024,6,BOS
111,592155,Cam Booser,3,6,43,2024,7,BOS
111,670174,Josh Winckowski,3,4,34,2024,8,BOS
112,593576,Héctor Neris,22,3,46,2024,1,CHC
112,687863,Porter Hodge,12,9,39,2024,2,CHC
112,640470,Adbert Alzolay,9,1,18,2024,3,CHC
112,622786,Jesus Tinoco,4,5,21,2024,4,CHC
112,592767,Drew Smyly,3,10,50,2024,5,CHC
112,663878,Nate Pearson,3,7,41,2024,6,CHC
112,542888,Shawn Armstrong,3,3,31,2024,7,CHC
112,663992,Richard Lovelady,3,2,28,2024,8,CHC
113,664747,Alexis Díaz,32,0,60,2024,1,CIN
113,458677,Justin Wilson,4,11,60,2024,2,CIN
113,518585,Fernando Cruz,3,23,66,2024,3,CIN
113,608371,Lucas Sims,3,12,43,2024,4,CIN
113,571656,Buck Farmer,2,1,60,2024,5,CIN
113,608718,Brent Suter,2,2,44,2024,6,CIN
113,641941,Emilio Pagán,2,7,37,2024,7,CIN
113,663574,Tony Santillan,2,4,28,2024,8,CIN
114,661403,Emmanuel Clase,50,0,74,2024,1,CLE
114,683769,Hunter Gaddis,5,33,78,2024,2,CLE
114,680704,Nick Sandlin,4,9,67,2024,3,CLE
114,671922,Cade Smith,3,28,74,2024,4,CLE
114,605130,Scott Barlow,3,19,63,2024,5,CLE
114,682120,Tim Herrin,2,16,75,2024,6,CLE
114,670766,Darren McCaughan,2,0,5,2024,7,CLE
114,658648,Pedro Avila,1,1,50,2024,8,CLE
115,656222,Jalen Beeks,16,5,45,2024,1,COL
115,680767,Victor Vodnik,15,6,64,2024,2,COL
115,641755,Tyler Kinley,13,14,67,2024,3,COL
115,664875,Justin Lawrence,6,5,56,2024,4,COL
115,656234,Jake Bird,3,4,35,2024,5,COL
115,683409,Angel Chivilli,3,7,30,2024,6,COL
115,678020,Seth Halvorsen,3,2,12,2024,7,COL
115,683232,Nick Mears,2,8,41,2024,8,COL
116,671345,Jason Foley,32,8,69,2024,1,DET
116,571946,Shelby Miller,9,5,51,2024,2,DET
116,676684,Will Vest,8,14,69,2024,3,DET
116,663947,Tyler Holton,8,15,57,2024,4,DET
116,605177,Andrew Chafin,4,8,41,2024,5,DET
116,656412,Alex Faedo,3,8,31,2024,6,DET
116,689225,Beau Brieske,2,6,34,2024,7,DET
116,656638,Alex Lange,2,1,21,2024,8,DET
117,623352,Josh Hader,38,0,71,2024,1,HOU
117,593576,Héctor Neris,22,3,46,2024,2,HOU
117,519151,Ryan Pressly,12,25,59,2024,3,HOU
117,650556,Bryan Abreu,8,38,78,2024,4,HOU
117,605463,Tayler Scott,3,9,61,2024,5,HOU
117,606160,Rafael Montero,3,10,41,2024,6,HOU
117,657571,Caleb Ferguson,2,10,42,2024,7,HOU
117,681869,Shawn Dubin,2,0,29,2024,8,HOU
118,663704,James McArthur,25,2,57,2024,1,KC
118,668674,Lucas Erceg,13,6,23,2024,2,KC
118,608717,Chris Stratton,7,5,57,2024,3,KC
118,670167,John Schreiber,5,23,59,2024,4,KC
118,663460,Kris Bubic,4,7,27,2024,5,KC
118,519293,Will Smith,2,8,45,2024,6,KC
118,640451,Hunter Harvey,2,26,43,2024,7,KC
118,669674,Sam Long,2,7,43,2024,8,KC
119,623465,Evan Phillips,22,9,61,2024,1,LAD
119,543339,Daniel Hudson,17,17,65,2024,2,LAD
119,656629,Michael Kopech,14,1,43,2024,3,LAD
119,681911,Alex Vesia,8,13,67,2024,4,LAD
119,595014,Blake Treinen,5,16,50,2024,5,LAD
119,607455,Anthony Banda,4,9,46,2024,6,LAD
119,642232,Ryan Yarbrough,3,1,32,2024,7,LAD
119,523260,Joe Kelly,2,13,35,2024,8,LAD
120,640448,Kyle Finnegan,43,0,65,2024,1,WSH
120,571882,Derek Law,6,17,75,2024,2,WSH
120,676395,Robert Garcia,4,13,72,2024,3,WSH
120,606930,Jacob Barnes,3,2,63,2024,4,WSH
120,640451,Hunter Harvey,2,26,43,2024,5,WSH
120,607179,Jordan Weems,2,5,41,2024,6,WSH
120,678606,Jose A. Ferrer,2,6,31,2024,7,WSH
120,571670,Dylan Floro,1,9,51,2024,8,WSH
121,621242,Edwin Díaz,27,2,54,2024,1,NYM
121,592773,Ryne Stanek,11,15,46,2024,2,NYM
121,657585,Reed Garrett,9,14,53,2024,3,NYM
121,518617,Jake Diekman,7,8,43,2024,4,NYM
121,676130,José Buttó,6,4,23,2024,5,NYM
121,664208,Phil Maton,4,9,40,2024,6,NYM
121,543859,Michael Tonkin,4,1,39,2024,7,NYM
121,493603,Adam Ottavino,3,15,60,2024,8,NYM
133,695243,Mason Miller,31,0,55,2024,1,OAK
133,668674,Lucas Erceg,13,6,23,2024,2,OAK
133,613534,Austin Adams,4,22,56,2024,3,OAK
133,621053,Tyler Ferguson,4,11,48,2024,4,OAK
133,518397,Scott Alexander,3,10,45,2024,5,OAK
133,671305,Michel Otañez,3,6,36,2024,6,OAK
133,666204,Dany Jiménez,3,5,25,2024,7,OAK
133,519008,T.J. McFarland,2,19,79,2024,8,OAK
134,670280,David Bednar,30,3,62,2024,1,PIT
134,547973,Aroldis Chapman,19,22,68,2024,2,PIT
134,656222,Jalen Beeks,16,5,45,2024,3,PIT
134,670059,Colin Holderman,5,21,55,2024,4,PIT
134,676702,Hunter Stratton,3,5,36,2024,5,PIT
134,672710,Roansy Contreras,3,1,34,2024,6,PIT
134,682847,Luis L. Ortiz,3,1,22,2024,7,PIT
134,669387,Carmen Mlodzinski,2,5,36,2024,8,PIT
135,663158,Robert Suarez,42,1,65,2024,1,SD
135,656945,Tanner Scott,20,1,44,2024,2,SD
135,592094,Jason Adam,7,19,47,2024,3,SD
135,673513,Yuki Matsui,4,9,64,2024,4,SD
135,669093,Jeremiah Estrada,4,16,62,2024,5,SD
135,670970,Adrian Morejon,4,12,60,2024,6,SD
135,660853,Enyel De Los Santos,3,8,44,2024,7,SD
135,666745,Jhony Brito,3,0,26,2024,8,SD
136,662253,Andrés Muñoz,27,6,60,2024,1,SEA
136,592773,Ryne Stanek,11,15,46,2024,2,SEA
136,554340,Yimi García,6,10,29,2024,3,SEA
136,642048,Tayler Saucedo,5,7,53,2024,4,SEA
136,608723,Austin Voth,2,15,68,2024,5,SEA
136,668338,Tyson Miller,2,14,49,2024,6,SEA
136,676092,Collin Snider,2,9,42,2024,7,SEA
136,642546,Jonathan Hernández,2,0,25,2024,8,SEA
137,666808,Camilo Doval,28,5,62,2024,1,SF
137,676254,Ryan Walker,14,21,75,2024,2,SF
137,643511,Tyler Rogers,3,32,77,2024,3,SF
137,669062,Erik Miller,3,14,63,2024,4,SF
137,592426,Luke Jackson,3,2,36,2024,5,SF
137,678495,Randy Rodríguez,2,5,34,2024,6,SF
137,657508,Mike Baumann,2,3,18,2024,7,SF
137,702352,Spencer Bivens,1,2,25,2024,8,SF
138,664854,Ryan Helsley,53,0,65,2024,1,STL
138,668941,JoJo Romero,9,30,65,2024,2,STL
138,552640,Andrew Kittredge,8,37,74,2024,3,STL
138,681676,Ryan Fernandez,5,12,62,2024,4,STL
138,542888,Shawn Armstrong,3,3,31,2024,5,STL
138,667463,John King,2,9,56,2024,6,STL
138,669461,Matthew Liberatore,2,7,54,2024,7,STL
138,681517,Kyle Leahy,1,3,33,2024,8,STL
139,664126,Pete Fairbanks,27,1,46,2024,1,TB
139,664076,Garrett Cleavinger,8,15,68,2024,2,TB
139,592094,Jason Adam,7,19,47,2024,3,TB
139,670955,Edwin Uceta,5,7,30,2024,4,TB
139,687330,Kevin Kelly,4,17,68,2024,5,TB
139,621363,Colin Poche,4,20,43,2024,6,TB
139,664208,Phil Maton,4,9,40,2024,7,TB
139,655889,Manuel Rodríguez,3,11,40,2024,8,TB
140,489446,Kirby Yates,34,2,61,2024,1,TEX
140,502085,David Robertson,10,34,68,2024,2,TEX
140,600917,José Leclerc,4,13,64,2024,3,TEX
140,605177,Andrew Chafin,4,8,41,2024,4,TEX
140,622786,Jesus Tinoco,4,5,21,2024,5,TEX
140,656641,Jacob Latz,3,9,46,2024,6,TEX
140,502624,Chase Anderson,3,0,26,2024,7,TEX
140,642546,Jonathan Hernández,2,0,25,2024,8,TEX
141,643338,Chad Green,20,7,53,2024,1,TOR
141,605447,Jordan Romano,9,0,15,2024,2,TOR
141,554340,Yimi García,6,10,29,2024,3,TOR
141,650893,Génesis Cabrera,5,13,69,2024,4,TOR
141,647315,Zach Pop,4,12,58,2024,5,TOR
141,663893,Brendon Little,4,7,49,2024,6,TOR
141,670950,Trevor Richards,3,7,43,2024,7,TOR
141,663878,Nate Pearson,3,7,41,2024,8,TOR
142,661395,Jhoan Duran,25,7,58,2024,1,MIN
142,643377,Griffin Jax,16,24,72,2024,2,MIN
142,663485,Cole Sands,7,5,62,2024,3,MIN
142,595345,Steven Okert,7,7,43,2024,4,MIN
142,543859,Michael Tonkin,4,1,39,2024,5,MIN
142,573204,Caleb Thielbar,3,10,59,2024,6,MIN
142,670950,Trevor Richards,3,7,43,2024,7,MIN
142,660896,Jorge Alcala,1,16,54,2024,8,MIN
143,608032,Carlos Estévez,23,0,34,2024,1,PHI
143,621237,José Alvarado,16,10,66,2024,2,PHI
143,656546,Jeff Hoffman,13,21,68,2024,3,PHI
143,622554,Seranthony Domínguez,11,2,25,2024,4,PHI
143,621381,Matt Strahm,9,18,66,2024,5,PHI
143,621383,Tanner Banks,6,7,40,2024,6,PHI
143,642397,Gregory Soto,3,7,43,2024,7,PHI
143,689147,Orion Kerkering,2,14,62,2024,8,PHI
144,628452,Raisel Iglesias,38,0,66,2024,1,ATL
144,641729,Joe Jiménez,6,27,69,2024,2,ATL
144,572955,Pierce Johnson,6,12,58,2024,3,ATL
144,605154,John Brebbia,5,13,54,2024,4,ATL
144,621345,A.J. Minter,4,9,39,2024,5,ATL
144,607481,Aaron Bummer,3,2,56,2024,6,ATL
144,592426,Luke Jackson,3,2,36,2024,7,ATL
144,669276,Dylan Lee,2,9,52,2024,8,ATL
145,656629,Michael Kopech,14,1,43,2024,1,CWS
145,605121,Justin Anderson,6,5,56,2024,2,CWS
145,621383,Tanner Banks,6,7,40,2024,3,CWS
145,673929,Jordan Leasure,6,9,33,2024,4,CWS
145,605154,John Brebbia,5,13,54,2024,5,CWS
145,641771,Chad Kuhl,4,1,30,2024,6,CWS
145,608678,Dominic Leone,4,4,23,2024,7,CWS
145,660853,Enyel De Los Santos,3,8,44,2024,8,CWS
146,656945,Tanner Scott,20,1,44,2024,1,MIA
146,676534,Calvin Faucher,8,11,53,2024,2,MIA
146,677053,Andrew Nardi,6,15,59,2024,3,MIA
146,669622,Anthony Bender,5,15,59,2024,4,MIA
146,640462,A.J. Puk,4,7,30,2024,5,MIA
146,666277,George Soriano,4,2,22,2024,6,MIA
146,622786,Jesus Tinoco,4,5,21,2024,7,MIA
146,623211,Huascar Brazobán,3,2,20,2024,8,MIA
147,605280,Clay Holmes,43,2,67,2024,1,NYY
147,596133,Luke Weaver,4,22,62,2024,2,NYY
147,543859,Michael Tonkin,4,1,39,2024,3,NYY
147,660853,Enyel De Los Santos,3,8,44,2024,4,NYY
147,624647,Victor González,3,3,27,2024,5,NYY
147,657571,Caleb Ferguson,2,10,42,2024,6,NYY
147,643410,Mark Leiter Jr.,2,13,39,2024,7,NYY
147,641656,Ian Hamilton,2,11,35,2024,8,NYY
158,656730,Trevor Megill,24,6,48,2024,1,MIL
158,642207,Devin Williams,15,0,22,2024,2,MIL
158,606303,Joel Payamps,9,21,68,2024,3,MIL
158,665625,Elvis Peguero,6,11,52,2024,4,MIL
158,682842,Abner Uribe,5,0,14,2024,5,MIL
158,657649,Jared Koenig,3,10,49,2024,6,MIL
158,663542,Bryan Hudson,3,14,43,2024,7,MIL
158,683232,Nick Mears,2,8,41,2024,8,MIL
