pitch_type,stand,count_state,mean_plate_x,mean_plate_z,mean_velo,mean_pfx_x,mean_pfx_z,cov_plate_x_platex,cov_plate_z_plate_z,cov_velo_velo,cov_pfx_x_pfx_x,cov_pfx_z_pfx_z,cov_plate_x_plate_z,cov_plate_x_velo,cov_plate_z_velo,cov_pfx_x_velo,cov_pfx_z_velo,cov_pfx_x_plate_z,cov_pfx_z_plate_z,cov_pfx_x_plate_x,cov_pfx_z_plate_x,cov_pfx_x_pfx_z,count
CH,L,ahead,-0.5240924896854768,1.666365262698883,85.65829466551872,-1.0074963938678985,0.515854122172401,0.6287466620480062,0.8078681383290307,12.218480244001418,0.4405269198544311,0.16842750008807555,-0.2668834975462563,0.06105408351752227,-0.2320802760648213,-0.4956816237570638,-0.13212965623221318,0.010718736714446817,0.04740895061418539,0.12044554642691817,-0.0018677297839945972,0.013850146058879551,89448
CH,L,behind,-0.3565090997145188,1.9803104608482869,85.38285073409462,-1.0348895601524366,0.5551248422743088,0.5344005111645436,0.7174534192825951,10.4923008800051,0.363686350888843,0.16419494573109808,-0.2425927461138478,0.06625232728066632,-0.3015640524053586,-0.3687764941023763,-0.16019497948920006,0.025905963023946006,0.040794928591954605,0.07909858219136037,0.006431146832512783,0.01710494077393863,78481
CH,L,even,-0.4104088188813182,1.8981139407756678,85.51332072506196,-1.032823314017255,0.5391152314906774,0.5799527189757352,0.7782129821812781,11.130366012484215,0.3670576223070242,0.16794688281977213,-0.2637845114342818,0.05551057552181533,-0.3013130052302913,-0.38815051423361635,-0.13702960233617362,0.022154631474276248,0.04523015167470353,0.08742831755805673,0.004512179193078643,0.017492272795002293,115827
CH,R,ahead,0.35628334267862866,1.6422752122717081,84.39003324255047,0.23297783073657227,0.5508558211256747,0.7517505974103622,0.7923213275476569,12.329460194544982,1.3833794278681562,0.17697391309496988,0.05990406961022874,-0.5004598087602812,-0.231970414371589,-0.8931197884348473,-0.19555670826276778,0.06572523084831325,0.04554266434314675,0.4373260369089821,0.020661244439421567,0.051122042404133566,99891
CH,R,behind,0.21872498470680765,1.9739033220559046,84.07298161071647,0.3487387173693212,0.6182586983932785,0.5608768674492933,0.72026722580939,10.943402332108027,1.291475546474346,0.17581860328655438,0.07234256736930664,-0.3096827139587654,-0.24842759588522537,-0.7274694465401842,-0.17142315262093177,0.023836242854273552,0.03709670331286368,0.2681178275306522,0.011091623731172291,0.0397478236741409,80113
CH,R,even,0.2751810320968189,1.8849354624977985,84.18945342312952,0.3305068397789129,0.5872443177052754,0.6283294695839492,0.7711774014390914,11.717096816958117,1.3190085438961185,0.17917499763499997,0.08161903027745925,-0.3815698373938182,-0.2747735562257476,-0.7984226529817564,-0.18937673449193104,0.05455811992533354,0.04010559036169755,0.31833254146902895,0.012642099890564031,0.042413195549084966,119258
CS,L,ahead,-0.17437086092715234,1.9256953642384105,67.80993377483443,0.9140397350993378,-0.8904635761589402,0.9318514348785868,1.7083806799116996,39.89036732891834,0.19188290507726263,0.3072817836644592,-0.4220336070640176,-0.003982958057394892,-2.5917169536423845,0.4000529359823399,-2.1125820309050773,-0.07730516114790287,0.19463999116997793,0.06225510816777044,0.017612626931567305,-0.040395448123620316,151
CS,L,behind,-0.04714285714285712,2.2407142857142857,71.36785714285715,0.6735714285714287,-0.6000000000000002,0.4494804232804234,1.2631846560846558,104.4370767195767,0.1455941798941799,0.44282222222222223,-0.3180206349206349,0.02439153439153441,-6.251494708994708,0.7543042328042325,-5.274259259259258,0.10907883597883598,0.31091481481481476,-0.11072539682539682,0.07993333333333333,-0.10568888888888887,28
CS,L,even,-0.3372538860103627,2.264300518134715,70.30932642487048,0.8751813471502592,-0.8304663212435232,0.8335043987478404,0.9583954717184794,55.89637089810017,0.2618667638169257,0.2852232189119172,-0.40159416288860106,0.5005575885146807,-2.0574413590241796,0.5459253832037998,-2.230183128238342,-0.00330833603195164,0.1348202450345423,-0.030240865177029355,-0.054918504425734,-0.09556111291018998,193
CS,R,ahead,0.07558252427184464,1.8026699029126214,66.48883495145631,0.29873786407766995,-0.8300485436893205,0.9750091712053042,1.3950128368458434,61.82567961165049,1.3102540089983419,0.28577316836372235,-0.15314668482121718,1.480926047833294,-4.366448093772199,-0.08707757518351844,-2.509917617807246,0.01303899597442578,0.31425573999526407,0.2445197632015155,-0.07105045938905989,0.09180920672507696,206
CS,R,behind,0.32894736842105254,2.933684210526316,67.32105263157894,0.23105263157894734,-0.4789473684210528,2.2091210526315788,2.063480116959064,51.64842105263158,1.09723216374269,0.9493988304093567,-0.11614590643274869,-2.989254385964914,-2.006804093567251,0.30836549707602423,-3.873634502923977,-0.13979298245614033,0.45400146198830393,-0.9046321637426897,0.4156567251461988,0.08980994152046784,19
CS,R,even,0.20851562499999998,2.261171875,67.7953125,0.5460156250000001,-0.669609375,1.3684143147145664,1.77613798597441,100.06564714566929,0.7960336060531498,0.5799943343996063,-0.8385352546751972,-0.33289677657480404,-4.617167691929133,1.8905874753937013,-5.090187130905511,-0.09293072711614177,0.2995672551673228,-0.10198076402559056,-0.06345847071850393,-0.1665984313484253,128
CU,L,ahead,-0.09100504229017567,1.567515126870527,79.07607839947951,0.4894632400780741,-0.8066393949251789,0.7891421590858523,1.1291242682206646,13.373437246894792,0.5590013579746577,0.21555344044934965,-0.31470321313474275,0.5369328695051007,-0.5769412238798944,0.07742199104058409,0.3589959895555042,0.006406855986380868,0.036248644246609375,0.14662412585767987,-0.021850808377046154,-0.06061421949011121,61490
CU,L,behind,-0.10868049107603424,2.0580425736785997,78.60469410915093,0.5730589084906633,-0.7378011623508374,0.6418878695385554,0.866552423938873,13.250656484424699,0.5229823856554815,0.2201820209890856,-0.26500292295041156,0.3459063514351651,-0.40381428610313524,0.06975746127624609,0.35706564614695074,0.02161257352882944,0.03747872817384225,0.05039634189700774,-0.011309700440215821,-0.05272662791831931,29084
CU,L,even,-0.12443083172974131,2.0072499465469313,78.37678960872354,0.5434307248236049,-0.7715677784904853,0.6916037139319516,1.003991288941017,12.957801108838973,0.48170624815420565,0.20392728364941462,-0.31089984591619235,0.39691494693369767,-0.5455056996659415,0.019206068556033094,0.34560790895904725,0.012242780227002936,0.0388271844328155,0.05004191832508709,-0.009626117250271753,-0.040867105530362755,93558
CU,R,ahead,0.3072687733774061,1.5468739825780076,78.8550022989077,0.2262290457669032,-0.771323673778783,0.8305526792387448,1.1591642486710856,13.955022477687079,0.7287283759100153,0.2455772045217293,-0.10780478386729843,0.23778863400036815,-0.5840784325192134,0.5216341087288283,0.4991007287613028,0.0021513256630021887,0.036054977092954014,0.26118711703411185,0.03577778817153949,0.03702882764135431,80488
CU,R,behind,0.16624832778520984,2.0299956444638023,78.35885262732165,0.14759598033725346,-0.7117005786820981,0.6531753869033708,0.8752232841575055,13.947473663272023,0.769440513406587,0.24150811257799723,-0.06814050230956703,0.12968801065052346,-0.5052617061984945,0.7516629326520172,0.4974467690452318,-0.020172005949915833,0.031832065682771665,0.12083613061895275,0.012977103545822162,0.040457947676961765,32156
CU,R,even,0.19930522294180678,1.9831882775008152,78.13356194381029,0.14489596049014583,-0.7491709453478077,0.7031643326818785,1.0383528284366828,13.753557503652479,0.7145383800194025,0.22882056897523811,-0.08025390612622335,0.12873904969091313,-0.6089466539228274,0.6733121514350585,0.46368187742380645,-0.02626113324339453,0.035020804731449716,0.12175884640227964,0.017580017652075786,0.02810582036262971,107348
EP,L,ahead,-0.4680528052805281,2.571254125412541,59.77128712871287,0.46521452145214515,0.18501650165016503,1.279845533626211,2.145201070968024,94.81615959609205,0.5448528511791576,1.4592807116473225,-0.8338004633575941,1.5597282801127796,-7.4822983083076515,4.263239623631235,-9.312746213363058,-0.35085159443096625,0.8923575951303738,0.1321914683190173,-0.2255776812449457,-0.6545341922934014,303
EP,L,behind,-0.403921568627451,3.1791764705882355,50.76274509803922,-0.13607843137254902,1.354235294117647,1.1128113324069795,1.4306784529874934,70.34321290721016,0.3916160568164275,0.2039465585919404,-0.4645355257063455,1.096798209047399,-2.796018990273274,-0.9266761618033041,-1.440676238999538,0.10050521074571557,0.12108381658175084,0.08546780145128915,0.030768249189439555,0.0142963177396943,255
EP,L,even,-0.31700934579439255,2.953504672897196,52.13995327102804,-0.04084112149532711,1.086144859813084,1.0277114097485174,1.4843815995097287,90.4037629954694,0.4140643962441726,0.6551253841187151,-0.42899715686489087,0.6767842150189323,-3.8585291098513874,0.9070594453807265,-4.822473248484319,-0.10750594453807266,0.2883699829280572,0.08635615137122721,-0.04538375976712119,-0.2450615640526166,428
EP,R,ahead,0.2961329305135952,2.640755287009064,57.63806646525679,0.41021148036253785,0.3521148036253776,1.1954856065183557,2.2046542762977213,115.0081223107205,0.5333475308981054,1.3997561201135231,-0.7619504037352379,2.923629469925845,-7.311859141261558,3.5278646525679753,-9.731541353108117,-0.31863167536391107,0.8317329433305866,0.23985021422686065,-0.3278157365192713,-0.5535104485947083,331
EP,R,behind,0.26557184750733137,3.197478005865103,49.74428152492669,-0.2840469208211144,1.3828152492668622,0.9450953337933417,1.5152118561324832,50.38241573227532,0.23544592720372617,0.17769793341383447,-0.3008364947386579,-0.1575621614628256,-2.2480262290840085,-1.0435026220458858,-0.9322809125409692,0.025177116612040695,0.14680712092461617,0.09773996808694153,-0.02645837933413836,-0.0285085734000345,341
EP,R,even,0.20648370497427102,3.0018696397941684,50.445111492281306,-0.02807228915662651,1.1747504302925988,1.0196156212975904,1.6583069795405927,73.75289272809789,0.3863569671790609,0.5212218772627452,-0.3837712495505533,0.25944068480958166,-3.1732597448910425,0.7545199210635685,-3.295557374324889,-0.09164235770668899,0.23944239806516746,0.11235831117573737,-0.028020276277523886,-0.16670710427918584,583
FA,L,ahead,-0.42597368421052634,2.7981842105263155,72.57368421052631,-0.5995263157894737,1.2093421052631579,1.221802479516734,1.3911800715178453,107.42817108734907,0.25822141091515116,0.13108215178447452,-0.394515097208721,-0.9051048465490897,-0.14372337175392294,-1.2427447576725454,-0.24298305790862365,0.060942023330093034,0.019124132064990987,0.05619412998194694,0.07099579572281628,0.04017735731148451,380
FA,L,behind,-0.3343884892086331,2.856834532374101,69.59884892086332,-0.4640863309352518,1.3027625899280577,0.6773575145647169,0.7749213774801478,88.00700155495194,0.25043082827110075,0.10139898534198563,-0.201987254576742,0.3088494080816037,0.3047773308730534,-0.6364773329463226,-0.586858486928037,0.02488142661663177,0.007160198411875689,0.02432512491447765,0.04146747247734954,0.0024640428752099137,695
FA,L,even,-0.32566815144766154,2.7755345211581295,69.94276169265034,-0.543207126948775,1.2693207126948773,0.7762205675687076,0.938538677179312,102.23868221962333,0.2596119994140325,0.12619942657162092,-0.14698765806834466,-0.4051174392245372,-0.1643160820651864,-0.9533944775085472,-0.8212351341889446,0.03593360024630482,0.07764166784604959,0.002060731018763357,0.023896368369695567,0.04221699403852981,898
FA,R,ahead,0.32411877394636013,2.578965517241379,70.89578544061304,-0.4075670498084291,1.2417624521072799,0.8537678399923526,1.2629605400754507,121.52028930512346,0.36161191967995526,0.16150053463351513,-0.25083373486001714,-0.005836734543796581,1.1448113707062015,-0.7939954846632983,-0.3386067612387024,-0.00046715202859222947,0.08236612614997683,0.05231472007118639,0.05110040446827131,-0.009867443981144431,522
FA,R,behind,0.16654800431499459,2.701521035598706,69.63203883495146,-0.4938187702265372,1.3482955771305285,0.6830178764727944,0.9263986558745207,92.79963115183784,0.24411175113757855,0.09161264256141063,-0.2828533830303285,0.5125556417622513,-0.7589105558933924,-0.9985351863113088,-0.720270387301055,0.03406931367820671,0.026744603926831482,0.007756457813472008,0.01473104303112062,0.024031497130714972,927
FA,R,even,0.28162291169451076,2.6795465393794746,68.67836117740652,-0.4407239459029435,1.3088225934765314,0.7638368545064834,1.0322551286046535,106.52830527390542,0.3217033767589403,0.1261325298075999,-0.22612657240472464,0.04052161082650538,0.20880387410121184,-1.5031780981915286,-0.7425629183578328,0.04109592941945487,0.05299954528525608,0.07785133507137103,0.033110829545627295,0.038468175605146225,1257
FC,L,ahead,0.07984246507480432,2.3961054691370256,89.40354701278113,0.11870578618844742,0.676371742792034,0.8909449009951766,0.9911513750690524,10.823100544147376,0.09746996798019411,0.12541832337283532,-0.0479506519337222,0.3705974724183317,0.4693707041395331,0.05712380994816825,0.4615486008875782,0.011291533793129018,0.08901980701788774,0.08546271999207798,0.002977526548367705,-0.008750617434275031,40393
FC,L,behind,0.0824120613486705,2.4160679753271648,89.32459624481629,0.13624864549470703,0.7100843960990247,0.5840284015232615,0.6481503525176618,9.507972305511265,0.09196511724346078,0.10919596053505776,-0.08318108171263243,0.24973331881845703,0.04600562632191,0.03688124193757217,0.3569390182924528,0.011436821574976516,0.025445842096816648,0.04314369973709515,9.003087326506344e-06,-0.013392812782925537,48008
FC,L,even,0.09144453884917379,2.444094398218681,89.37449021446149,0.12371753365659288,0.7065051857494433,0.7053431061340427,0.7583311371562559,10.281533440656354,0.09433005627557768,0.1145545924169829,-0.06687660004113954,0.36935289278162586,0.14938694439237912,0.040986418930364345,0.3930055100195479,0.013259018018500124,0.03669970995389975,0.05419610793726792,0.004561928477114203,-0.010533608598314474,68304
FC,R,ahead,0.3486550950525445,2.1806845132668724,88.53264004858053,0.11005246023311911,0.6421616652328661,0.9679352968983539,0.9107487301786641,9.805535601125218,0.11070491104970684,0.13155429105969388,-0.1656540943921833,0.14022262054374432,0.19294171024643056,0.10474364038745688,0.4322433989705887,-0.020692544597622434,0.09087956849675996,0.12050997912780216,-0.027012222098292737,-0.008326959663622503,59315
FC,R,behind,0.19722809410160247,2.275418900908161,88.49412174937234,0.1124610234634101,0.6802825217741685,0.6076277724434802,0.6477168884480171,9.410700664541238,0.1056452970085092,0.11578631770056479,-0.11402051879711196,0.15608585224475754,-0.05971391880487921,0.112113885566835,0.3789397777684419,-0.010626667515912154,0.03212074565573685,0.07639245220699939,-0.008323971610313275,-0.00911774450922505,64560
FC,R,even,0.2384424477118251,2.273855105786491,88.49705734051349,0.11338093221193603,0.6704874851253505,0.7200360296492773,0.7320259826964214,9.619926194087325,0.10605676333101056,0.12068517295074706,-0.13980910518158485,0.12142989185508385,-0.021764525167485775,0.09777775089015997,0.38337865943425425,-0.013762670432589195,0.042183460676942265,0.0867056401708334,-0.014460243522376449,-0.00992273710695862,99210
FF,L,ahead,-0.1451763003183102,3.0600533512432064,94.12807940254177,-0.44100257300426615,1.319743550935079,0.6457675073942196,0.7957071683892274,6.935394641214994,0.33210147610072105,0.06931079529539501,-0.08825317891353994,-0.014665320299453895,-0.06914922685573605,-0.2792862264681089,0.060510998442386874,-0.03470713773379959,0.006350413440265552,0.009474485910320482,0.0033557918451160482,0.004625933264712218,211458
FF,L,behind,-0.14651993009902634,2.5918989368236263,93.62163007168417,-0.411833830644682,1.3287009276540775,0.5231148668268004,0.6078935531965742,6.68282783945349,0.3513563740900425,0.06606816649940438,-0.07393667669600489,0.08857296057333862,-0.011628189330418297,-0.29850644341890614,0.03912167329646332,-0.006441244947679703,0.0074932362553654,0.02424093941395753,0.001973716778343475,0.0021185972011752026,252401
FF,L,even,-0.15075389753730822,2.694356475200625,93.67317425096003,-0.415497832760385,1.328852857652023,0.5875218643854491,0.683332015145105,6.995080279976269,0.3517839022364625,0.06662346367128634,-0.06291123488512806,0.081720272926937,0.03145384878045009,-0.3237666404044211,0.02956172322950642,-0.01307993485593992,0.0053235079325352486,0.02043890749011528,6.507821102216769e-05,0.003040108175303697,347971
FF,R,ahead,0.13192980754911707,2.988892567593308,93.85552885031636,-0.16197418501317767,1.3376594816241156,0.6528695262073667,0.8218794103383977,7.044353574627539,0.48934212018745166,0.06699608110513891,-0.07727937580672425,0.16765439988758446,-0.13180885941906162,-0.4210307238219084,0.042416894666051155,0.03906109867391419,0.006652209543418986,-0.03313343858139803,-0.0009034767586700417,-0.00561048751063422,288791
FF,R,behind,0.10657599162194005,2.5756603613038362,93.49827955229743,-0.16344732113928895,1.3449124391688674,0.5277473799348549,0.6173537816012561,6.735832377905733,0.47403108388521986,0.06471165943066598,-0.07534079017011251,0.040229510499759855,-0.043826162371470884,-0.4432240443158304,0.034690369792489864,0.024721374409920338,0.009155229677872134,-0.01303969514880232,0.0018240126489656274,-0.002639437792750045,305627
FF,R,even,0.1250246292568616,2.6605579950524105,93.49264013460224,-0.17606383649371013,1.3462370032542137,0.5865921726854908,0.6780333321048595,7.047007488149559,0.47818547328427935,0.06489625354753728,-0.08898090928910551,0.06077299924847719,-0.019919757568084628,-0.4484863849485475,0.028689896777601923,0.026578765742111644,0.007079834126647549,-0.019729622121222486,0.002213904869516109,-0.0028124786511880546,460095
FO,L,ahead,-0.2656338028169014,1.2741197183098592,83.72535211267606,-0.7061267605633803,0.25957746478873234,0.5807851092420243,1.1227804944508042,7.2589309709849275,0.12412275419300248,0.23329805404867357,-0.4777371323346438,0.33088891653809777,-0.48550057233862515,-0.462027870402628,0.8497987358781665,0.05744547105957297,-0.004291539342059432,0.011064654357238843,0.028872522769123575,-0.07256443537550392,284
FO,L,behind,-0.21791666666666665,1.5828125,84.55520833333333,-0.7585416666666666,0.45406250000000004,0.6477345614035088,1.5117067434210523,6.609446271929818,0.11580627192982455,0.26547069078947383,-0.4724269736842105,0.29790482456140394,-0.891925328947369,-0.44900767543859604,0.8806049342105261,0.014343223684210524,-0.07335259868421053,0.01971271929824562,0.07405144736842106,-0.1013375657894737,96
FO,L,even,-0.2424803149606299,1.5910629921259842,83.86496062992126,-0.7218110236220473,0.31665354330708656,0.5800337446702555,1.3605233715103797,6.605526283028843,0.12299749774361217,0.25358045656842304,-0.44260683918956784,-0.21955760791758724,-0.31346853505960015,-0.5274550122934235,0.8449455199028973,0.06797070741651365,0.020700014005166363,0.051636201798885804,-0.020505566275559425,-0.09339541252995551,254
FO,R,ahead,0.14541436464088398,1.1992265193370166,83.49364640883978,-0.6003591160220995,0.24701657458563536,0.6935013513720336,1.282817682618876,5.805139575457972,0.18958740530447957,0.20474121302092083,-0.27375369522964155,-0.4691372492003489,-0.4235173933671048,-0.3268471633430772,0.6313023216663352,0.1180822699377114,0.04232954194150686,0.09969280849696209,-0.049220644006060514,-0.03980384444682513,362
FO,R,behind,0.19011494252873562,1.6843678160919542,84.40114942528736,-0.3063218390804598,0.3666666666666667,0.5238778936113341,1.3306132584870358,4.694766105319435,0.5641700347500669,0.26746434108527123,-0.2056202753274526,-0.2811512964448006,-0.1206794974605722,-0.5231670676289757,0.7633992248062017,0.2969651430098904,0.13204728682170544,0.12214259556268377,-0.08836356589147287,-0.0481968992248062,87
FO,R,even,0.12902953586497892,1.3644303797468356,83.82362869198313,-0.5952320675105485,0.32037974683544307,0.5698181220052921,1.4837730851748543,5.237066437817344,0.2848674247300294,0.20977993992705427,-0.3300715297146536,-0.25788375169849076,-0.27121953443467045,-0.39449873060144464,0.6350926839733959,0.14189954945290711,0.09042627655009655,0.08628134162912107,-0.07264962990774511,-0.034328936923406966,237
FS,L,ahead,-0.40356397292669,1.5613442876946912,86.11949359863003,-0.8525275218135856,0.3254717442713855,0.6068832608818248,0.968723000156348,8.32265158452615,0.19942061646984474,0.13430829324846483,-0.34455942898318476,0.13204717371890934,-0.2461571744728575,-0.21342501903449249,0.017614962652960277,0.05024763027091515,0.024672668566416808,0.05616931169493475,0.003966135990489776,-0.0039314865065287205,24526
FS,L,behind,-0.2951158451251749,1.893364951018504,85.88453584201523,-0.9177452962214274,0.3625866894728658,0.5209343112814401,0.7932083325495666,8.976108714639297,0.18307128633779465,0.14670674448653337,-0.2949150910678004,0.0655153921471583,-0.17932219199458974,-0.22752830568528443,-0.05925662914733276,0.03935929682143403,0.027685969059918686,0.04197093223766661,-0.0004576001736012305,-0.006160074177335591,12862
FS,L,even,-0.3410841290747448,1.8127239051695754,85.8756585446164,-0.8911594501152453,0.3385149818900231,0.5684275301107264,0.8859338930626116,8.868769066198258,0.17630093592469337,0.1447721761904327,-0.32250494555825626,0.1047479664978471,-0.22816127114561488,-0.2265377114137953,-0.006969550924479941,0.04246575972046213,0.03275796989086308,0.04286438609112835,-0.00015325438884613307,-0.005537688123488705,24296
FS,R,ahead,0.02005718642775448,1.4748494090735798,85.9483198082893,-0.6519383475845543,0.3383328794727956,0.6535680849648312,0.9972476475281183,9.51687857658399,0.4585042981595569,0.14542696456648666,-0.252708757727643,-0.13676610761430852,-0.2388389649090456,-0.5230907025066988,-0.007481096441626631,0.057950315385017895,0.03394246407471363,0.13282670671377794,0.0029343927274811305,0.029337743310481317,18361
FS,R,behind,-0.06643915756630266,1.8301261050442017,85.93723348933958,-0.6576001040041602,0.38594513780551215,0.5533216705923434,0.8245779973576944,11.726726866292084,0.5898732671850173,0.15422275761905432,-0.18830752230102207,-0.15916406517657142,-0.15747576602322974,-0.7870157756095707,-0.13089867214503947,0.027519291652695895,0.030761712809300307,0.09901862785706332,0.011638429680861661,0.050993063679119786,7692
FS,R,even,-0.02497744169790939,1.7238901950816548,85.85352989769333,-0.6309830336150474,0.3617601830081973,0.5992714423609442,0.9306362634886542,10.876375598257182,0.5384698838631142,0.1568121913402824,-0.22081948913442145,-0.200765061204479,-0.1614236845663946,-0.6979401304323009,-0.04173994523170471,0.043957287831590836,0.040697632282424914,0.11609353704733942,0.005096166442236409,0.04608982143055012,15737
KC,L,ahead,0.04399769053117783,1.465625404157044,81.67014318706698,0.5561127020785219,-0.8856327944572748,0.6865936209471281,1.194388543675357,10.0069777151886,0.27262658067379747,0.17815272671789728,-0.37958117597717045,0.49297861828071926,-0.5113119191996434,-0.11900576236207164,0.3791289649250729,0.021840627004196825,0.021656784056397253,0.06289578482309113,-0.017210577007701205,-0.033440295440044426,21651
KC,L,behind,-0.053327019604129174,2.0515967421157306,81.3876882280519,0.6018933510134495,-0.8379306752533384,0.5788284165373463,0.8928586549467644,10.836921715253519,0.24019873561743507,0.16031067297350668,-0.3126179206714788,0.34885693194274114,-0.44040409391219504,-0.2105100444276295,0.34394876039184186,0.02744879651327828,0.0069188777405542025,0.008309357516219631,-0.0008993469048730596,-0.03300284473360077,10559
KC,L,even,-0.06702127659574468,1.959419574468085,80.98937531914895,0.5891234042553192,-0.8605548936170212,0.6283055478212877,1.0854024308485022,11.370222442878328,0.24257206126709677,0.1644499201754602,-0.3759204266618749,0.4389740471020088,-0.6046271243551578,-0.1825195950681515,0.35773748272969286,0.025548320080430006,0.011360445940758121,0.01602967938066529,-0.004006977150150119,-0.02536659932289238,29377
KC,R,ahead,0.3201844074526573,1.4501447006719608,81.42174328039096,0.354926119659425,-0.8085396304215027,0.7273142915242731,1.1593678802483571,10.482290374625665,0.369018634289483,0.20491720976150737,-0.1887550074034687,0.3812967042096794,-0.4907799781235038,0.17767859591803695,0.28163809398362216,0.008818243829229518,0.0159547464854071,0.1594784901328934,-0.01959760045760239,-0.03316853209648306,26192
KC,R,behind,0.13860406312668935,1.9895291655767724,81.02544249716628,0.3161327171259156,-0.7549886641088246,0.5596071460630211,0.9312655962237587,10.665524579641401,0.35893703549355777,0.217158864439381,-0.13441793146661277,0.18051302183289678,-0.46676322031002265,0.3170716928978045,0.26156537398121465,-0.0005988769893035919,0.00955429234248246,0.06428875967886402,-0.005313625080982625,-0.0314199570291468,11470
KC,R,even,0.17822372445858314,1.9263061299400466,80.7716627921204,0.31781781475590354,-0.7864131897711979,0.6367133569385812,1.068453486533059,11.397156049389976,0.3780353468203911,0.20227385551474691,-0.1660056101995773,0.2602539677078816,-0.6026166835282969,0.3599703411822749,0.261174874460745,-0.006037833675631735,0.012410083607207873,0.09154455295044198,-0.005899627234713331,-0.03262915839094174,32693
KN,L,ahead,-0.1489021164021164,2.4520370370370372,78.12433862433862,-0.17634920634920637,0.11985449735449737,0.782922899015383,0.9504851165072349,17.969261151406798,0.30158956795963404,0.41574633641683323,-0.20748157714005394,0.7482686078699322,-0.22980990924699538,0.11107129191632482,-0.5532997652335399,0.057231758646063266,0.2823785749325485,0.2430455229685694,0.0514951268439679,0.04506198885735309,756
KN,L,behind,-0.14557870370370368,2.4530324074074077,74.96782407407407,-0.32462962962962966,0.22094907407407405,0.7946358592205897,0.8788091126364194,9.954994790323958,0.38458269313396926,0.41070095331700623,-0.29153431994929957,0.36795001396407995,0.025517750494113336,0.09262099338317428,-0.1785958419266134,0.05293912950073042,0.16328806661940357,0.26686622411274386,-0.0006666188665463507,-0.014705804760677147,432
KN,L,even,-0.15360315893385984,2.461352418558736,76.01539980256663,-0.21986179664363278,0.08920039486673248,0.7234825577765732,0.8653822600657844,14.718003718458462,0.35495037613787495,0.38437574339905406,-0.2569636992808899,0.4283509973116287,-0.34572045230189347,-0.1899072687473906,-0.24840368197620652,0.029946947293875276,0.20596965954449858,0.24567105182040586,0.057220139764094465,0.042760980182528316,1013
KN,R,ahead,0.2754603854389722,2.3954068522483944,77.54036402569592,-0.13988222698072805,0.12771948608137046,0.8238059507333992,0.942318751764359,21.4832457408695,0.3376753344533421,0.34514474009148255,-0.26520769018913903,1.2462723938573959,-0.725080212572095,0.42166405140104335,-0.2993355033496975,0.0007044000495741515,0.17253292239580828,0.24795819866838337,0.036508392948536986,0.057649250650086865,934
KN,R,behind,0.09790575916230367,2.5106457242582896,75.48376963350785,-0.12972076788830716,0.2644153577661431,0.6936162358583821,1.034251505388153,11.834893457328032,0.33724187993507365,0.37754323277071905,-0.2804306383407169,0.832430985245121,-0.37542306776992623,0.38835069380880904,0.19028857137626776,-0.022751229573219116,0.19428018586997645,0.23062104034708747,0.03672849375755133,-0.0058134728273471666,573
KN,R,even,0.17022508038585207,2.4417202572347265,76.08424437299036,-0.13316720257234727,0.19715434083601288,0.665484100545048,0.9829033939255968,14.23202831030622,0.3497901216587809,0.3679996189594199,-0.21528212523895876,0.4921564051291736,-0.5218956419615445,0.3411544029200179,-0.090745595269199,-0.007059551236118394,0.21102090885809408,0.23507665874233327,0.045490584701983854,0.04403112478108922,1244
PO,L,ahead,-2.8608653846153844,4.155288461538462,89.21442307692307,-0.7239423076923076,1.2089423076923078,0.9148798263629576,0.731438750933532,11.684547236743844,0.22002217139656466,0.12068916168782673,-0.18900120425690817,1.2628766803584768,-0.4004459484690063,-0.1001950149365199,0.0047921023151604614,0.08805503174010453,0.08307263816280806,0.04968005041075433,-0.06362325429424942,0.01998316840926065,104
PO,L,behind,-1.8825,3.4987500000000002,90.875,-0.6925,1.21125,0.5304500000000001,1.111326785714286,6.082142857142864,0.15859285714285715,0.06295535714285713,-0.4230035714285715,-0.49064285714285877,-0.5904642857142842,-0.47092857142857125,0.4376071428571439,-0.045032142857142805,-0.08035535714285706,0.04714999999999999,0.007160714285714221,-0.020925000000000003,9
PO,L,even,-2.984680851063829,4.3408510638297875,88.5968085106383,-0.7120212765957447,1.2390425531914895,1.0778681766186229,0.8613261496225122,10.468699382292382,0.17282060169297647,0.13105391214824985,-0.31557446808510636,1.090769846716996,-0.6783951040951709,0.025735415236786782,-0.18102459391443548,-0.010883207504003647,0.1139954472660718,0.11319581331503091,-0.0180045298558682,0.021558258979638555,95
PO,R,ahead,2.48,4.02310606060606,89.07575757575758,-0.6488636363636364,1.2522727272727272,1.0110061068702294,0.7357116527874161,13.699865833911641,0.17901014920194314,0.09253983344899377,-0.15222977099236637,-0.5329770992366413,0.10963312514457522,-0.004132546842470246,-0.14654753643303262,0.03143842817487857,0.038195940319222764,0.028523664122137405,0.059722900763358754,0.0038172449687716883,132
PO,R,behind,2.013333333333333,4.083333333333334,88.7,-0.66,1.1383333333333334,0.8417466666666666,0.5005066666666665,0.8800000000000046,0.09232000000000003,0.05253666666666666,0.0213066666666666,-0.1657999999999981,-0.3578000000000024,-0.021600000000000983,0.20280000000000067,0.06760000000000002,-0.11785333333333332,-0.08616000000000001,-0.061633333333333346,-0.017279999999999986,6
PO,R,even,2.5443589743589747,3.892735042735043,88.55213675213676,-0.5294017094017095,1.318888888888889,0.8987179045092841,0.8777665929855588,12.07665487768936,0.2945918803418803,0.10518409961685822,-0.03930426613616269,-0.9055912908930095,0.10570962275272573,-0.02344525493663611,-0.042200191570880334,0.10612679781903923,0.04447720306513411,0.04770857648099034,0.057434195402298854,0.0104860153256705,118
SC,L,ahead,-0.3027027027027027,2.3216216216216217,80.25405405405405,-0.5527027027027027,-0.14175675675675678,0.8718638282117733,0.9484000740466495,3.4129285449833455,0.4248391706775271,0.2227900222139949,-0.5182996667900777,-0.01957793409848232,-0.1442395409107744,-0.44341355053683884,-0.04227360236949303,0.057844168826360655,0.05588233987412069,0.027939170677526864,0.03647600888559797,0.15227737874861164,74
SC,L,behind,-0.009999999999999978,1.7021052631578946,80.78421052631579,-0.8484210526315789,-0.20368421052631575,0.7587,0.7170508771929824,2.410292397660819,0.17366959064327486,0.118046783625731,-0.1013222222222222,0.23911111111111097,0.4068128654970763,-0.34630701754386023,0.28499415204678413,0.04037982456140351,-0.005386257309941536,0.049933333333333337,0.024899999999999995,-0.12153274853801171,19
SC,L,even,-0.3038947368421052,2.1725263157894736,80.47789473684212,-0.7001052631578945,-0.13789473684210524,0.7694984994400896,0.9337339753639414,3.3349316909294546,0.30804360582306856,0.1677104143337066,-0.46288367301231803,0.3010512877939527,-0.2694861142217245,-0.19344916013437846,-0.011857222844344597,-0.021473135498320257,0.1039424972004479,0.036541075027995536,0.026018924972004472,0.023511926091825317,95
SC,R,ahead,0.152054794520548,2.053013698630137,79.41917808219178,0.2345205479452055,0.19780821917808222,0.8783332191780824,0.9025213470319636,3.3271270928462697,1.0492251141552509,0.4025201293759512,-0.11095072298325717,-0.3217343987823436,-0.19018359969558638,-1.2639628995433787,-0.5566518264840181,0.1589584094368341,0.13903447488584478,0.42794474885844747,0.2346656773211567,0.5426308789954339,73
SC,R,behind,-0.14049999999999996,2.5575,79.60000000000001,-0.16099999999999998,0.42600000000000005,1.1460786842105262,0.6951776315789473,2.0410526315789532,1.3697147368421052,0.29012,-0.1183381578947369,-0.649947368421053,0.24594736842105328,-0.11626315789473543,-0.1826315789473682,-0.09795526315789482,0.09696315789473682,0.41672052631578954,0.10677684210526318,0.31046421052631584,20
SC,R,even,-0.09861538461538459,2.207076923076923,79.97384615384617,-0.11246153846153847,0.23646153846153845,1.181712115384615,1.0795772596153848,2.8153990384615364,1.0474407211538466,0.39723884615384636,0.02331348557692315,-0.3485882211538459,-0.06723389423076963,-0.8658466346153845,-0.31029711538461474,0.18273175480769233,0.1833426201923076,0.5716581490384615,0.3275096634615383,0.40685209134615374,65
SI,L,ahead,-0.0793095639882884,2.468084894638917,92.96364160849248,-0.4847220539449012,0.7605570460118274,0.8278564162123119,0.7670391985275695,8.97646056982719,1.3422967660573435,0.17730906095404525,-0.02608564189560902,-0.20758245065305944,0.1718209638698781,-0.7143231476283881,0.3059981288058285,-0.08860399660513746,0.07592536731445414,0.23798080376345532,0.004314169090016589,-0.024520433502238183,69360
SI,L,behind,-0.2056656040640289,2.3021198922623207,92.7569850496923,-0.6733873167405389,0.7383818615751792,0.5819109577397455,0.5415788841008639,8.098036334092082,1.166809034174646,0.16657676090489262,-0.068793334591534,-0.028947043048312124,0.03536090937078478,-0.5623925819286952,0.2517061371194147,0.003877076174884662,0.036641766928799356,0.21969381621604817,0.0020222022577977856,-0.01383568942976049,117371
SI,L,even,-0.18939042664296787,2.33755411690679,92.72897908612056,-0.5950522225393777,0.7409599216337546,0.6887170542722828,0.6076114785008091,8.574006498189744,1.259654173481406,0.17464621990951887,-0.050793273439670106,-0.06883951650168664,0.07345437972725771,-0.6014715717836219,0.2662263389805931,0.005480577086540815,0.042450007841133196,0.27555885646960016,-0.0006470724315072277,-0.017777999718649774,154211
SI,R,ahead,-0.10274817979514457,2.3684431917747673,93.06994471539672,-0.5323419944637,0.773871377949398,0.8269580955169298,0.7172151264194002,8.461947767707876,1.2861003739279506,0.17096281111625708,-0.04687399339013788,-0.03893706574128108,0.0839656775320806,-0.4435970783936609,0.23767800849482326,0.13485270962168538,0.07365355501329063,0.2034338383569928,0.00041140543689645705,0.04496312214844083,129009
SI,R,behind,-0.021269775646326004,2.2877905297392642,92.74914337688111,-0.4404762219759987,0.7475445269476922,0.6163905936705735,0.5412280030214646,8.021712659684583,1.40871650198538,0.17049451856105174,-0.08058505670322033,-0.2348924960896798,0.05463207254504106,-0.7355741373356656,0.23207394252283564,0.015316720015893346,0.03833139695010024,0.23378379802291147,0.005082308869316014,0.031368922591772444,181452
SI,R,even,-0.048156520564800506,2.323986015035337,92.71858259682186,-0.48984548206669143,0.7512655915309617,0.7077897913777852,0.5933114585603454,8.542072128057868,1.3545257288341632,0.1728772664867976,-0.08484413198550615,-0.26622588300952504,0.06522879036323928,-0.6992071866887014,0.22183892488966486,0.02804964798322515,0.04286578198132327,0.2629534783565784,0.002808666931517434,0.03199682023590417,266651
SL,L,ahead,-0.0474797846363236,1.659814258836716,85.01248248668988,0.14369894819010637,0.12133361354629518,0.9338816331992372,0.8882191662844999,11.250434040153573,0.3228234496082984,0.14779289735755397,-0.11371855753733234,0.6448713062596028,-0.06676972593944987,0.13766409606674385,0.29444102542781175,0.0033464809409620437,0.06508918919435389,0.19541292846991437,0.0034803534331498886,-0.0076769290293118,99948
SL,L,behind,-0.04639083350001429,2.0633241420693205,84.92571506129097,0.2049874274937852,0.19247778381004088,0.6177956145950667,0.7302745113349538,11.180995891892199,0.27659028529900337,0.14196713068383535,-0.13695283735187286,0.4033551478178669,-0.12793790983827677,-0.01785091181614111,0.28890856566972345,0.020366823471561806,0.03962317794695079,0.06688613112834739,0.00429017990733236,-0.014511726451934397,70022
SL,L,even,-0.08156237483439628,1.9811640786271063,84.68801106078811,0.1676595777457694,0.15998413273047982,0.7255720557964065,0.8225179921957714,11.76188796795615,0.30050801351576845,0.14696116161103376,-0.1203908977199767,0.4590918773719669,-0.1829366704276888,0.047566739121739796,0.3005003787323739,0.011025926760427103,0.04638069764394429,0.09596123202728128,0.004151489608342741,-0.008998506626329377,129859
SL,R,ahead,0.5223103049503411,1.641054935764125,85.08830197663796,0.2523698877081481,0.1334314201861966,0.8831048304412763,0.8591182493107741,10.555862970941186,0.2843599772338222,0.14153995097767555,-0.14367726024551483,0.2843924872775006,-0.09980413425533674,-0.1181726494099271,0.2678486375033424,0.029107442364112265,0.04923111327028023,0.19067808581098195,0.018983458757375418,-0.001311461864974786,205865
SL,R,behind,0.2735978911939001,2.0057245631246063,84.9904577321561,0.22973887174088164,0.1996706785027796,0.6037281484094416,0.7319450944509036,10.318598666676552,0.2581674221208395,0.13898329613103638,-0.15970430658030663,0.1678484464341933,-0.17810936633762803,-0.09472321630469248,0.3084845826202516,0.008228151846389968,0.027847203394625906,0.09210431969689846,0.008810976063802352,-0.009042786469602453,125404
SL,R,even,0.3488402473579267,1.9476377007062369,84.86561437194642,0.2393377202870047,0.17410041239277207,0.6807804171092124,0.8028920193927207,10.817083663052845,0.26341892844717235,0.140296893515768,-0.17022338389937916,0.2276203795750061,-0.20062963624236393,-0.07227134956913264,0.30320940818226194,0.012935749242231646,0.03485329374311095,0.1077727460017867,0.010523411177985635,-0.004911814746156232,257364
ST,L,ahead,-0.24122994333432748,1.799295556218312,81.46730092454519,0.18917566358484939,0.06127348643006263,1.105565487864984,0.7283015259197818,12.439903028324695,1.5707127659073574,0.13432595508617964,-0.12264856392452747,0.8410186557542427,-0.32282803484139366,1.7177320507502498,-0.12322285103430203,-0.028779839860001356,0.06009435933397393,0.5746087271643472,-0.031321769309819385,-0.02734416609505704,16765
ST,L,behind,-0.12165703076605408,2.144018170555441,81.27426182118522,0.4922919677885608,0.1327999174065662,0.76631883372806,0.593560538234589,9.990541401344517,1.2967253193923618,0.12932673889932364,-0.12004753829247135,0.4051158391564298,-0.2092963624244221,1.2135821773432824,0.04656334738352673,0.0009737219012565033,0.042122119485238654,0.20454159897604612,0.0017344696617837268,0.004232900550704623,9686
ST,L,even,-0.17069127487038596,2.0926312757566357,81.20429831169406,0.38564984269065444,0.09899454956352197,0.8566848363073709,0.6918391453888835,10.613800543462023,1.394979174202635,0.13312754969111398,-0.12963741257193107,0.44123943338041416,-0.3070419761476733,1.308607372385846,0.0001936332842479187,-0.0004829428192400533,0.0522246389987999,0.24574840634343578,-0.007833833423150272,0.00014207635073344808,22567
ST,R,ahead,0.7109448760818253,1.7929066679779702,82.01724036191975,0.7978422501966955,0.07015243902439025,0.9786015880704096,0.751850693951762,8.529631704610736,0.9539606263892256,0.1378804272055728,-0.22577183750708144,0.49562374795040803,-0.2388433319954407,0.5221357973534507,0.028124169795572227,0.034553121122709876,0.06378403970048763,0.3843700529203833,0.014401896726618351,0.00533716599170866,40674
ST,R,behind,0.31510765283355646,2.1041711289602856,81.59327309236947,0.7164993306559572,0.12407742079428827,0.7344693363211926,0.6400286206825822,7.918986374459853,1.0351557147315162,0.1306381514218732,-0.19556730910240935,0.36996848234125923,-0.2472568171945895,0.6649000847479802,0.05325189585249731,-0.007474503260247169,0.04994374911993099,0.20675036293254978,0.013683077513129187,0.004560645893292268,17929
ST,R,even,0.4163560792088131,2.06248935547095,81.57973597062335,0.708119719737761,0.10026808443533308,0.8013624424577218,0.717969071060196,8.728012582355737,1.0338432990539996,0.13630829525536803,-0.2302342152553078,0.3767583196640625,-0.2767194923121999,0.7376193524226771,0.029246691492054857,-0.014928492622438193,0.056410177901006886,0.233518567136751,0.005999566609385715,0.006100245305995712,44392
SV,L,ahead,-0.08166547533952823,1.5923445318084346,82.68456040028593,0.34110793423874197,-0.29380629020729093,0.88133530171073,0.8046996853311893,8.354899181012698,1.290835096676385,0.10850402681776632,-0.11811400589266093,0.8507690566554635,0.09816921121706258,1.3353156463207416,-0.029838195115107193,0.08409207434801354,0.01782648168171606,0.5069496113598686,-0.003022394462769387,-0.029787844297589353,2798
SV,L,behind,-0.16701807228915663,2.010933734939759,82.49759036144577,0.5237650602409638,-0.2159036144578313,0.6091582453400625,0.6717701900291446,5.97880353365231,1.124272324565782,0.10025133056718201,-0.15345463269808698,0.28609686674353785,-0.2993730309330766,0.7835215133329099,0.11807694682270913,0.004923987434288774,0.04135804105646398,0.15860406206589736,0.0012934275156390464,-0.018771953223595227,1328
SV,L,even,-0.21505339105339108,1.9765079365079365,82.20805194805196,0.4658124098124098,-0.250992784992785,0.7102889189153155,0.7553837026650523,6.164071983443814,1.2358871645688143,0.10178885243060823,-0.1846470109791415,0.405056578986833,-0.31027354833388315,0.8210426771842475,0.09292514396688765,0.022002808937277768,0.038118010190989406,0.18727406908077807,0.00499723335299548,-0.024638454188869893,3465
SV,R,ahead,0.5203510371552313,1.575612035559608,83.03296102119899,0.5155254160018234,-0.21781627535901527,0.9349799041046042,0.8248420044880348,7.719734116811397,1.1704142872585694,0.11516645688963599,-0.2100292846636484,0.8427567806719914,-0.03752929784357497,0.8676874201655577,0.1770634367115626,-0.054750030948920406,0.02415096595972161,0.583630276073725,0.041620733484736175,0.0033613922742139887,4387
SV,R,behind,0.2963954044997607,1.9967592149353757,82.42561033987555,0.30768788894207755,-0.1923264719961704,0.6060864738486026,0.6953586972629843,7.01207847069761,1.3271861745706837,0.1053938186523458,-0.17462322945954814,0.3273241598942831,-0.39920671360107424,1.2307924798570877,0.24777704322403984,-0.21406932614552782,0.030366690509859157,0.3020171886033208,0.016265652138826067,0.005262626025028007,2089
SV,R,even,0.3012526621490803,1.9296824782187803,82.31868344627298,0.39618973862536305,-0.21215488867376572,0.6967757155840227,0.7538434313060202,7.4505203422608055,1.328078159189803,0.10648666074536434,-0.17836745655191236,0.4878884814296308,-0.4736019285724463,0.9468711638696076,0.22164832431390757,-0.16001887080338004,0.02612255344356604,0.36242897993630796,0.012233470590573052,-0.006819153409972837,5165
